{"type":"footer","name":"Footer group","sections":{"text-with-icons":{"type":"text-with-icons","blocks":{"free-shipping":{"type":"item","settings":{"icon":"picto-customer-support","mobile_icon_width":44,"icon_width":60,"icon_background_type":"none","icon_background":"rgba(0,0,0,0)","icon_color":"#faa6dc","title":"PRIORITAIRE BIJSTAND","content":"<p>Maandag tot vrijdag van 9 tot 18.<\/p>"}},"customer-support":{"type":"item","settings":{"icon":"picto-truck","mobile_icon_width":44,"icon_width":60,"icon_background_type":"none","icon_background":"","icon_color":"#faa6dc","title":"VEILIGE LEVERING","content":"<p>We leveren bestellingen af op de locatie die je opgeeft.<\/p>"}},"discount":{"type":"item","settings":{"icon":"picto-love","mobile_icon_width":44,"icon_width":60,"icon_background_type":"none","icon_background":"","icon_color":"#faa6dc","title":"EEN UNIEK CADEAU","content":"<p>Privacy en discretie<\/p>"}},"payment":{"type":"item","settings":{"icon":"picto-like","mobile_icon_width":44,"icon_width":60,"icon_background_type":"none","icon_background":"","icon_color":"#faa6dc","title":"TEVREDEN OF JE GELD TERUG","content":"<p>We garanderen de tevredenheid van al onze klanten<\/p>"}}},"block_order":["free-shipping","customer-support","discount","payment"],"settings":{"full_width":true,"title":"","heading_tag":"h6","text_alignment":"center","icon_spacing":"small","background":"#f5f5f5","background_gradient":"","text_color":"#191818"}},"footer":{"type":"footer","blocks":{"newsletter":{"type":"newsletter","settings":{"image_width":120,"heading_size":"h3","title":"Betreed de wereld van Sweetan.","content":"<p>Ontdek onze nieuwe producten en profiteer van onze speciale zomeraanbiedingen.<\/p>"}},"links":{"type":"links","settings":{"menu":"footer","show_menu_title":false}},"text":{"type":"text","disabled":true,"settings":{"title":"À Propos de Comfwork.","content":"<p><strong>contact@comfwork.com<br\/><\/strong>16 rue du rond buisson 25220 Thise<br\/>03.81.85.06.50<\/p><p><\/p><p>La seule marque Française qui est pensée par des professionels, pour des professionnels. Soyez enfin efficace et efficient.<\/p>"}},"f94d6d55-2f49-4b15-b74f-315452887d27":{"type":"links","settings":{"menu":"main-menu","show_menu_title":false}}},"block_order":["newsletter","links","text","f94d6d55-2f49-4b15-b74f-315452887d27"],"settings":{"show_social_media":false,"show_payment_icons":false,"show_country_selector":false,"show_country_flag":false,"show_country_name":false,"show_locale_selector":false}}},"order":["text-with-icons","footer"]}