{"type":"header","name":"Header group","sections":{"announcement-bar":{"type":"announcement-bar","blocks":{"message":{"type":"message","settings":{"text":"70%","url":""}},"1ae73ea6-332a-49dc-9356-1ac9ce7f62f1":{"type":"message","settings":{"text":"60 PÄIVÄÄ AIKAA KOKEILLA","url":""}},"e1ce1185-f483-4101-aa2f-ad4da3817ed4":{"type":"message","settings":{"text":"ILMAINEN TOIMITUS EUROOPASSA","url":""}}},"block_order":["message","1ae73ea6-332a-49dc-9356-1ac9ce7f62f1","e1ce1185-f483-4101-aa2f-ad4da3817ed4"],"settings":{"enable_sticky":true,"text_size":"text-base","navigation_mode":"arrows","scrolling_speed":10,"background":"#faa6dc","background_gradient":"","text_color":"#ffffff"}},"header":{"type":"header","settings":{"enable_sticky":true,"hide_on_scroll":true,"logo_max_width":150,"logo_mobile_max_width":115,"menu":"main-menu","sidebar_menu":"","secondary_menu":"","menu_open_trigger":"click","opening_from":"left","layout":"drawer","show_social_media":false,"show_locale_selector":false,"show_country_selector":false,"show_country_flag":false,"show_country_name":false,"transparent_header_text_color":"#ffffff","reduce_padding":false,"background_opacity":100,"background_blur_radius":0}}},"order":["announcement-bar","header"]}