{"type":"custom.overlay","name":"Overlay group","sections":{"privacy-banner":{"type":"privacy-banner","settings":{"privacy_bar_title":"Cookies","privacy_bar_content":"<p>Wij gebruiken cookies en soortgelijke technologieën om u de best mogelijke ervaring op onze website te bieden. Zie ons privacybeleid voor meer informatie.<\/p>"}},"newsletter-popup":{"type":"newsletter-popup","disabled":true,"settings":{"apparition_delay":5,"show_only_on_index":true,"show_only_for_visitors":true,"show_only_once":true,"title":"Signup for our newsletter","button_text":"Subscribe","subtext":"Describe what your customers will receive when subscribing to your newsletter."}},"cart-drawer":{"type":"cart-drawer","settings":{"show_cart_note":false,"show_shipping_text":true,"show_view_cart_button":false,"icon":"","show_checkout_button":true,"recommendations_title":"Tendance ce mois-ci","products":["body-br-10290","body-cqx0545","body-xyh0230"],"product_card_background":"#f7f7f7","product_card_text_color":"#292929"}},"search-drawer":{"type":"search-drawer","disabled":true,"settings":{"full_width":false,"show_article_category":false,"search_menu":"","search_menu_show_title":false}}},"order":["privacy-banner","newsletter-popup","cart-drawer","search-drawer"]}