{"sections":{"slideshow":{"type":"slideshow","blocks":{"slide-1":{"type":"image","settings":{"content_max_width":1200,"mobile_text_position":"place-self-end-center text-center","desktop_text_position":"sm:place-self-center-start sm:text-start","subheading":"","title":"Zeg maar dag tegen menstruatiepijn","heading_tag":"h4","button_text":"Maak kennis met Sweetan","button_link":"shopify:\/\/products\/sweetan-gurtel-gegen-menstruationsschmerzen","text_color":"#ffffff","button_background":"#faa6dc","button_text_color":"#ffffff","overlay_color":"#000000","overlay_opacity":0,"background":"#f5f5f5","background_gradient":""}},"138ba631-9709-4cf2-bae8-71888f283d4d":{"type":"image","disabled":true,"settings":{"content_max_width":780,"mobile_text_position":"place-self-center text-center","desktop_text_position":"sm:place-self-center sm:text-center","subheading":"Créez votre propre","title":"ESPACE","heading_tag":"h0","button_text":"VOIR LES SIÈGES","button_link":"","text_color":"#ffffff","button_background":"#33463a","button_text_color":"#ffffff","overlay_color":"#000000","overlay_opacity":35,"background":"","background_gradient":""}},"slide-2":{"type":"image","disabled":true,"settings":{"content_max_width":780,"mobile_text_position":"place-self-center text-center","desktop_text_position":"sm:place-self-center sm:text-center","subheading":"Un comfort","title":"REMARQUABLE","heading_tag":"h2","button_text":"JE SOUHAITE UN DEVIS","button_link":"shopify:\/\/collections","text_color":"#ffffff","button_background":"#33463a","button_text_color":"#ffffff","overlay_color":"#000000","overlay_opacity":25,"background":"","background_gradient":""}}},"block_order":["slide-1","138ba631-9709-4cf2-bae8-71888f283d4d","slide-2"],"custom_css":[],"settings":{"full_width":true,"allow_transparent_header":false,"image_size":"md","controls_type":"numbers","transition_type":"fade_with_text","autoplay":true,"cycle_speed":6,"background":"#292929","background_gradient":""}},"scrolling-text":{"type":"scrolling-text","disabled":true,"settings":{"full_width":true,"text":"Amplify Your Allure","text_size":"medium","text_style":"fill","scrolling_mode":"auto","scrolling_speed":3,"background":"","background_gradient":"","text_color":"#41c797","text_gradient":""}},"65df6f08-fc63-4e80-b4c4-9987e6e60041":{"type":"rich-text","blocks":{"template--17863951122727__65df6f08-fc63-4e80-b4c4-9987e6e60041-1676384903c3f7a963-0":{"type":"subheading","disabled":true,"settings":{"text":"With EllaBeauty"}},"template--17863951122727__65df6f08-fc63-4e80-b4c4-9987e6e60041-1676384903c3f7a963-1":{"type":"heading","settings":{"text":"Unleash your inner glamour","heading_tag":"h1","text_color":"#191818","gradient":""}},"6bfa78f3-a57d-4bea-9d80-393c5ceeda72":{"type":"richtext","settings":{"content":"<p>Nothing completes a look quite like the perfect set of lashes, <strong>and at EllaBeauty<\/strong>, we're here to help you achieve just that. Our top-selling collection of 3D effect and classic false eyelashes are not just accessories,<strong> but game-changers.<\/strong> They are the final touch, the secret weapon, the perfect blend of comfort, style, and innovation.<\/p>"}},"51788640-c7b0-44f9-9620-7943bb18001a":{"type":"icon","disabled":true,"settings":{"icon":"picto-coupon","icon_width":32,"icon_background_type":"square","icon_background":"","icon_color":""}},"6f1f7c62-1153-48c5-8dc9-bebdcea389f6":{"type":"divider","disabled":true,"settings":{}},"9a5e2cc7-ad9a-4df1-92c6-9af2f4824eff":{"type":"icon","disabled":true,"settings":{"icon":"picto-coupon","icon_width":32,"icon_background_type":"circle","icon_background":"","icon_color":""}},"45163545-bfbc-4bdf-af32-2d3a7bc6b297":{"type":"icon","disabled":true,"settings":{"icon":"picto-coupon","icon_width":32,"icon_background_type":"circle","icon_background":"","icon_color":""}}},"block_order":["template--17863951122727__65df6f08-fc63-4e80-b4c4-9987e6e60041-1676384903c3f7a963-0","template--17863951122727__65df6f08-fc63-4e80-b4c4-9987e6e60041-1676384903c3f7a963-1","6bfa78f3-a57d-4bea-9d80-393c5ceeda72","51788640-c7b0-44f9-9620-7943bb18001a","6f1f7c62-1153-48c5-8dc9-bebdcea389f6","9a5e2cc7-ad9a-4df1-92c6-9af2f4824eff","45163545-bfbc-4bdf-af32-2d3a7bc6b297"],"disabled":true,"settings":{"full_width":false,"content_width":"small","text_position":"center","background":"#ffffff","background_gradient":"","text_color":""}},"9054746c-ee2d-4331-b2bf-b55da1baf25b":{"type":"impact-text","blocks":{"template--17850614546697__9054746c-ee2d-4331-b2bf-b55da1baf25b-16783597386887c270-0":{"type":"item","settings":{"title":"96%","subheading":"Agree EllaBeauty","content":"<p><strong>of our customers agree: EllaBeauty is revolutionizing the world of false eyelashes. <\/strong><\/p>","button_text":"","button_url":"","animate_impact_text":true,"animate_impact_text_duration":2}},"2e7ec538-69ae-48e9-995e-865e58875fe8":{"type":"item","settings":{"title":"74%","subheading":"enhanced confidence","content":"<p><strong>of our users report enhanced confidence after using our lashes.<\/strong><\/p>","button_text":"","button_url":"","animate_impact_text":true,"animate_impact_text_duration":2}}},"block_order":["template--17850614546697__9054746c-ee2d-4331-b2bf-b55da1baf25b-16783597386887c270-0","2e7ec538-69ae-48e9-995e-865e58875fe8"],"disabled":true,"settings":{"full_width":false,"stack_mobile":false,"text_alignment":"center","impact_text_style":"fill","text_divider":"diamond","impact_text_size_ratio":1,"background":"#f5f5f5","background_gradient":"","heading_text_color":"#ffffff","heading_gradient":"linear-gradient(133deg, rgba(61, 202, 152, 1) 11%, rgba(47, 223, 160, 1) 100%)","text_color":"","button_background":"","button_text_color":""}},"featured-collection":{"type":"featured-collection","disabled":true,"settings":{"collection":"frontpage","products":[],"full_width":true,"stack_products":false,"show_progress_bar":true,"products_count":10,"products_per_row_mobile":"1","products_per_row_desktop":3,"subheading":"","title":"Unsere verschiedenen Stretchbeutel","content":"","link_url":"shopify:\/\/collections\/frontpage","link_text":"","background":"","background_gradient":"","text_color":"","heading_color":"#292929","heading_gradient":"","product_card_background":"","product_card_text_color":""}},"1707f652-d1d2-4532-864d-f883b7b48a3d":{"type":"collection-list","blocks":{"template--17850614546697__1707f652-d1d2-4532-864d-f883b7b48a3d-1678360382d8e0ee28-1":{"type":"collection","settings":{"collection":"corset","subheading":"","title":"","url":"","heading_tag":"h2","text_position":"place-self-center text-center","text_color":"#ffffff","overlay_color":"#000000","overlay_opacity":30}},"template--17850614546697__1707f652-d1d2-4532-864d-f883b7b48a3d-1678360382d8e0ee28-0":{"type":"collection","settings":{"collection":"grandes-tailles","subheading":"","title":"","url":"","heading_tag":"h2","text_position":"place-self-center text-center","text_color":"#ffffff","overlay_color":"#000000","overlay_opacity":30}},"template--17850614546697__1707f652-d1d2-4532-864d-f883b7b48a3d-1678360382d8e0ee28-2":{"type":"collection","settings":{"collection":"lingerie-dexception","subheading":"","title":"","url":"","heading_tag":"h2","text_position":"place-self-center text-center","text_color":"#ffffff","overlay_color":"#000000","overlay_opacity":30}},"decad396-ec78-44c2-a18e-76bb6cfde8e5":{"type":"collection","settings":{"collection":"vetements-de-nuit","subheading":"","title":"","url":"","heading_tag":"h2","text_position":"place-self-center text-center","text_color":"#ffffff","overlay_color":"#000000","overlay_opacity":30}}},"block_order":["template--17850614546697__1707f652-d1d2-4532-864d-f883b7b48a3d-1678360382d8e0ee28-1","template--17850614546697__1707f652-d1d2-4532-864d-f883b7b48a3d-1678360382d8e0ee28-0","template--17850614546697__1707f652-d1d2-4532-864d-f883b7b48a3d-1678360382d8e0ee28-2","decad396-ec78-44c2-a18e-76bb6cfde8e5"],"disabled":true,"settings":{"full_width":true,"stack_collections":true,"collections_per_row":2,"show_progress_bar":false,"subheading":"","title":"Nos collections lingeries","content":"","link_url":"","link_text":"","background":"","background_gradient":"","text_color":"","heading_color":"","heading_gradient":""}},"38dbdb84-1da6-4d8d-a1fc-39cd8b57cc6b":{"type":"images-with-text-scrolling","blocks":{"template--17850614546697__38dbdb84-1da6-4d8d-a1fc-39cd8b57cc6b-1678361586df7adfd6-0":{"type":"item","settings":{"icon":"none","icon_width":48,"title":"Sensualité","content":"<p>Découvrez une toute nouvelle dimension de plaisir et de sensualité avec ShadyBox. Notre collection exclusive de lingerie sexy et de jouets pour adultes est conçue pour satisfaire tous vos désirs les plus profonds. De la dentelle luxueuse aux accessoires BDSM de qualité supérieure, nous avons tout ce dont vous avez besoin pour éveiller vos sens et pimenter votre vie amoureuse.<\/p>"}},"template--17850614546697__38dbdb84-1da6-4d8d-a1fc-39cd8b57cc6b-1678361586df7adfd6-1":{"type":"item","settings":{"icon":"none","icon_width":48,"title":"Discrétion","content":"<p>Chez ShadyBox, nous comprenons que la discrétion est essentielle pour de nombreux clients. C'est pourquoi nous offrons une livraison discrète pour toutes les commandes, sans aucune indication sur le contenu de votre colis. Vous pouvez être sûr que votre vie privée est protégée avec ShadyBox. En plus de cela, notre sélection de produits érotiques de qualité supérieure est conçue pour garantir votre plaisir et votre sécurité. Commandez dès maintenant en toute confiance.<\/p>"}},"ce223abc-aa5d-4af5-a47d-83f92bf502dc":{"type":"item","settings":{"icon":"none","icon_width":48,"title":"Plaisir","content":"<p>Offrez à votre partenaire un cadeau qu'il ou elle n'oubliera jamais avec ShadyBox. Notre sélection de lingerie sexy et de jouets pour adultes est conçue pour pimenter votre vie amoureuse et vous aider à explorer votre sensualité ensemble. Que vous cherchiez à ajouter un peu de piquant à votre vie sexuelle ou à surprendre votre partenaire avec un cadeau sexy, ShadyBox a tout ce dont vous avez besoin.<\/p>"}}},"block_order":["template--17850614546697__38dbdb84-1da6-4d8d-a1fc-39cd8b57cc6b-1678361586df7adfd6-0","template--17850614546697__38dbdb84-1da6-4d8d-a1fc-39cd8b57cc6b-1678361586df7adfd6-1","ce223abc-aa5d-4af5-a47d-83f92bf502dc"],"disabled":true,"settings":{"full_width":true,"stack_on_mobile":false,"show_counter":false,"desktop_image_effect":"reveal","image_position":"end","background":"#191818","background_gradient":"","text_color":"","heading_color":"","heading_gradient":""}},"85e1594e-b70e-4c6a-a5c1-71c53e7e51f5":{"type":"logo-list","blocks":{"template--17850614546697__85e1594e-b70e-4c6a-a5c1-71c53e7e51f5-16783626489c227637-0":{"type":"logo","settings":{"logo_width":120,"link":""}},"template--17850614546697__85e1594e-b70e-4c6a-a5c1-71c53e7e51f5-16783626489c227637-1":{"type":"logo","settings":{"logo_width":120,"link":""}},"template--17850614546697__85e1594e-b70e-4c6a-a5c1-71c53e7e51f5-16783626489c227637-2":{"type":"logo","settings":{"logo_width":120,"link":""}},"template--17850614546697__85e1594e-b70e-4c6a-a5c1-71c53e7e51f5-16783626489c227637-3":{"type":"logo","settings":{"logo_width":120,"link":""}},"template--17850614546697__85e1594e-b70e-4c6a-a5c1-71c53e7e51f5-16783626489c227637-4":{"type":"logo","disabled":true,"settings":{"logo_width":120,"link":""}}},"block_order":["template--17850614546697__85e1594e-b70e-4c6a-a5c1-71c53e7e51f5-16783626489c227637-0","template--17850614546697__85e1594e-b70e-4c6a-a5c1-71c53e7e51f5-16783626489c227637-1","template--17850614546697__85e1594e-b70e-4c6a-a5c1-71c53e7e51f5-16783626489c227637-2","template--17850614546697__85e1594e-b70e-4c6a-a5c1-71c53e7e51f5-16783626489c227637-3","template--17850614546697__85e1594e-b70e-4c6a-a5c1-71c53e7e51f5-16783626489c227637-4"],"disabled":true,"settings":{"full_width":true,"stack_mobile":false,"title":"Apparu dans","content":"","text_alignment":"center","items_per_row":4,"background":"","background_gradient":"","text_color":"","heading_color":"","heading_gradient":"","logo_item_background":"#f7f7f7","logo_item_border":""}},"91d211d1-dcc1-433a-8453-677653095062":{"type":"multiple-images-with-text","blocks":{"22b1eb5a-920f-4eb0-a3cd-3896573a0540":{"type":"item","settings":{"image_rotation_degrees":0,"subheading":"","title":"Image with text","content":"<p>Use this text to share information about your brand with your customers. Describe a product, share announcements, or welcome customers to your store.<\/p>","button_url":"","button_text":""}},"template--17850614546697__91d211d1-dcc1-433a-8453-677653095062-1678360718a8054056-0":{"type":"item","settings":{"image_rotation_degrees":-2,"subheading":"","title":"Heading 1","content":"<p>Use this text to share information about your brand with your customers. Describe a product, share announcements, or welcome customers to your store.<\/p>","button_url":"","button_text":""}},"template--17850614546697__91d211d1-dcc1-433a-8453-677653095062-1678360718a8054056-1":{"type":"item","settings":{"image_rotation_degrees":1.5,"subheading":"","title":"Heading 2","content":"<p>Use this text to share information about your brand with your customers. Describe a product, share announcements, or welcome customers to your store.<\/p>","button_url":"","button_text":""}}},"block_order":["22b1eb5a-920f-4eb0-a3cd-3896573a0540","template--17850614546697__91d211d1-dcc1-433a-8453-677653095062-1678360718a8054056-0","template--17850614546697__91d211d1-dcc1-433a-8453-677653095062-1678360718a8054056-1"],"disabled":true,"settings":{"full_width":false,"images_layout":"stacked","collage_images_alignment":"middle","background":"#912321","background_gradient":"","text_color":"#ffffff","button_background":"","button_text_color":""}},"5f9d7103-903a-410f-9318-a37fdeb0391d":{"type":"newsletter","settings":{"full_width":true,"show_icon":false,"title":"Doe mee<br>#SWEETAN","content":"<p>Ontvang alle nieuwste aanbiedingen. We sturen ze rechtstreeks naar je inbox.<\/p>","button_text":"BIJ ONS AANSLUITEN","subtext":"","background":"#f5f5f5","background_gradient":"linear-gradient(180deg, rgba(255, 255, 255, 1), rgba(245, 245, 245, 1) 100%)","text_color":"#191818","button_background":"#faa6dc","button_text_color":"#ffffff"}},"feature-chart":{"type":"feature-chart","blocks":{"16644246508f6fa13a-0":{"type":"headings","settings":{"heading_1":"Heading 1","heading_2":"Heading 2","heading_3":"Heading 3","heading_4":"Heading 4","heading_5":"","heading_6":"","heading_7":"","heading_8":"","heading_9":"","heading_10":"","heading_11":"","heading_12":"","heading_13":"","heading_14":"","heading_15":"","heading_16":"","heading_17":"","heading_18":"","heading_19":"","heading_20":""}},"16644246508f6fa13a-1":{"type":"values","settings":{"product":"","value_1":"<p>Yes<\/p>","value_2":"<p>Yes<\/p>","value_3":"<p>No<\/p>","value_4":"<p>No<\/p>","value_5":"","value_6":"","value_7":"","value_8":"","value_9":"","value_10":"","value_11":"","value_12":"","value_13":"","value_14":"","value_15":"","value_16":"","value_17":"","value_18":"","value_19":"","value_20":"","view_button_background":"","view_button_text_color":""}},"16644246508f6fa13a-2":{"type":"values","settings":{"product":"","value_1":"<p>No<\/p>","value_2":"<p>Yes<\/p>","value_3":"<p>Yes<\/p>","value_4":"<p>No<\/p>","value_5":"","value_6":"","value_7":"","value_8":"","value_9":"","value_10":"","value_11":"","value_12":"","value_13":"","value_14":"","value_15":"","value_16":"","value_17":"","value_18":"","value_19":"","value_20":"","view_button_background":"","view_button_text_color":""}},"0dc3ead5-28da-4f7a-badd-90e415065c8d":{"type":"values","settings":{"product":"","value_1":"<p>Sure<\/p>","value_2":"","value_3":"","value_4":"","value_5":"","value_6":"","value_7":"","value_8":"","value_9":"","value_10":"","value_11":"","value_12":"","value_13":"","value_14":"","value_15":"","value_16":"","value_17":"","value_18":"","value_19":"","value_20":"","view_button_background":"","view_button_text_color":""}}},"block_order":["16644246508f6fa13a-0","16644246508f6fa13a-1","16644246508f6fa13a-2","0dc3ead5-28da-4f7a-badd-90e415065c8d"],"disabled":true,"settings":{"full_width":true,"subheading":"Compare","title":"Product specification","content":"<p>Give your customers useful information about your products and showcase differences between them.<\/p>","button_text":"","button_url":"","text_position":"start","max_rows":5,"view_all_text":"View all","view_less_text":"View less","view_product":"View","viewing_product":"","show_product_swatch":true,"background":"","background_gradient":"","text_color":"","heading_color":"#33463a","heading_gradient":"","button_background":"","button_text_color":"","chart_background":"#33463a","chart_text_color":"#ffffff","chart_true_false_color":"#e10000"}},"9185ff52-9f1a-4df3-86eb-bf090d04a356":{"type":"accordion-content","blocks":{"template--17850614546697__9185ff52-9f1a-4df3-86eb-bf090d04a356-16783572275a808945-0":{"type":"item","settings":{"title":"Are EllaBeauty's lashes comfortable to wear?","content":"<p>Absolutely! At EllaBeauty, we use revolutionary technology to create lashes that are not only visually stunning but also incredibly comfortable to wear. Lightweight and soft, they mimic the natural lash structure, making them comfortable for all-day wear.<\/p>"}},"template--17850614546697__9185ff52-9f1a-4df3-86eb-bf090d04a356-16783572275a808945-1":{"type":"item","settings":{"title":"Can I reuse EllaBeauty's false eyelashes?","content":"<p>Yes, you can! Our false eyelashes are designed for multiple uses. With proper care, you can wear your favorite EllaBeauty lashes again and again, making them a sustainable and cost-effective choice.<\/p>"}},"template--17850614546697__9185ff52-9f1a-4df3-86eb-bf090d04a356-16783572275a808945-2":{"type":"item","settings":{"title":"Are EllaBeauty's colored lashes safe for sensitive eyes?","content":"<p>Definitely! Our colored lashes are made using safe, non-toxic dyes, and the same high-quality, hypoallergenic materials as our other lashes. They are designed to be safe and comfortable, even for those with sensitive eyes.<\/p>"}},"4f21c14e-951a-429b-aba3-b9b3dba6c0d2":{"type":"item","settings":{"title":"Can EllaBeauty's 3D effect lashes be worn with glasses?","content":"<p>Of course! Our 3D effect lashes are designed with varying lengths and volumes to suit every individual's needs. While they provide a stunning 3D effect, they are not overly dramatic in length, making them suitable to wear with glasses.<\/p>"}},"5b68095e-51df-4eb3-bfae-dd687251b238":{"type":"item","disabled":true,"settings":{"title":"Comment puis-je contacter votre service client ?","content":"<p>Vous pouvez nous contacter à tout moment via notre formulaire de contact sur notre site web. Nous sommes toujours heureux de discuter avec nos clients et de répondre à toutes vos questions.<\/p>"}}},"block_order":["template--17850614546697__9185ff52-9f1a-4df3-86eb-bf090d04a356-16783572275a808945-0","template--17850614546697__9185ff52-9f1a-4df3-86eb-bf090d04a356-16783572275a808945-1","template--17850614546697__9185ff52-9f1a-4df3-86eb-bf090d04a356-16783572275a808945-2","4f21c14e-951a-429b-aba3-b9b3dba6c0d2","5b68095e-51df-4eb3-bfae-dd687251b238"],"disabled":true,"settings":{"full_width":true,"subheading":"","title":"Frequently asked questions","content":"<p>Here are the most frequently asked questions. If you can't find the answer you're looking for, please contact us.<\/p>","button_text":"","button_url":"","text_position":"start","background":"","background_gradient":"","text_color":"","heading_color":"","heading_gradient":"","button_background":"","button_text_color":"","accordion_background":"#ffffff","accordion_text_color":""}},"press":{"type":"press","blocks":{"16644243327ba53d2a-0":{"type":"quote","settings":{"logo_width":130,"author":"","content":"","show_rating":false,"rating":4}},"16644243327ba53d2a-1":{"type":"quote","settings":{"logo_width":130,"author":"","content":"","show_rating":false,"rating":4}},"1a2dc882-3b4b-497c-97a3-529ad3288966":{"type":"quote","settings":{"logo_width":100,"author":"","content":"","show_rating":false,"rating":4}},"a97b3270-cf47-4b72-be0f-42fbc1cdbdc8":{"type":"quote","settings":{"logo_width":100,"author":"","content":"","show_rating":false,"rating":4}}},"block_order":["16644243327ba53d2a-0","16644243327ba53d2a-1","1a2dc882-3b4b-497c-97a3-529ad3288966","a97b3270-cf47-4b72-be0f-42fbc1cdbdc8"],"disabled":true,"settings":{"full_width":true,"content_size":"fill","background":"#ffffff","background_gradient":"","text_color":"#000000","heading_color":"","heading_gradient":"","logo_item_background":"#f7f7f7","logo_item_border":""}}},"order":["slideshow","scrolling-text","65df6f08-fc63-4e80-b4c4-9987e6e60041","9054746c-ee2d-4331-b2bf-b55da1baf25b","featured-collection","1707f652-d1d2-4532-864d-f883b7b48a3d","38dbdb84-1da6-4d8d-a1fc-39cd8b57cc6b","85e1594e-b70e-4c6a-a5c1-71c53e7e51f5","91d211d1-dcc1-433a-8453-677653095062","5f9d7103-903a-410f-9318-a37fdeb0391d","feature-chart","9185ff52-9f1a-4df3-86eb-bf090d04a356","press"]}