{"sections":{"main":{"type":"main-page","disabled":true,"settings":{"content_width":"80ch"}},"80308bce-aa0a-4c00-913a-182fd33d80b3":{"type":"slideshow","blocks":{"template--17863951352103__80308bce-aa0a-4c00-913a-182fd33d80b3-1676382142286b4f2b-0":{"type":"image","settings":{"content_max_width":400,"mobile_text_position":"place-self-center text-center","desktop_text_position":"sm:place-self-center sm:text-center","subheading":"","title":"","heading_tag":"h0","button_text":"","button_link":"","text_color":"#ffffff","button_background":"#ffffff","button_text_color":"#000000","overlay_color":"#000000","overlay_opacity":0,"background":"","background_gradient":""}}},"block_order":["template--17863951352103__80308bce-aa0a-4c00-913a-182fd33d80b3-1676382142286b4f2b-0"],"disabled":true,"settings":{"full_width":true,"allow_transparent_header":true,"image_size":"auto","controls_type":"dots","transition_type":"fade_with_text","autoplay":false,"cycle_speed":6,"background":"#f2f2f2","background_gradient":""}},"7afd489d-91f1-401c-a780-3c27756532ff":{"type":"faq","blocks":{"template--17863951352103__7afd489d-91f1-401c-a780-3c27756532ff-1676381823011ca7f7-0":{"type":"item","settings":{"title":"Wat houdt het in?","content":"<p>Lunar kussen (verwarming met 3 snelheden + vibratie met 3 snelheden)Batterijzak (batterijen niet meegeleverd)Stroomkabel VS1,5 m verlengkabelOrganische kit.<\/p>"}},"template--17863951352103__7afd489d-91f1-401c-a780-3c27756532ff-1676381823011ca7f7-1":{"type":"item","settings":{"title":"60 dagen op proef en gratis terugbetaling","content":"<p>Als je, om welke reden dan ook, niet helemaal tevreden bent met je aankoop, stuur het dan binnen 60 dagen naar ons terug voor een volledige terugbetaling, zonder vragen te stellen. We vergoeden ook de kosten voor het terugsturen van het product.<\/p>"}},"template--17863951352103__7afd489d-91f1-401c-a780-3c27756532ff-1676381823011ca7f7-2":{"type":"item","disabled":true,"settings":{"title":"Lassen Sie uns über Stil sprechen. Passt er zu all meinen Outfits?","content":"<p>Absolut!!! Dank seines zeitlosen Designs und der Farbe Schwarz passt FEELIX zu jedem Outfit, ob lässig oder formell.<\/p>"}},"399a0b10-bf34-45a6-9dce-56491286d177":{"type":"item","settings":{"title":"Levenslange garantie","content":"<p>Topkwaliteit, onvoorwaardelijke garantie. Als er binnen 10 jaar een fabricagefout of kwaliteitsprobleem optreedt? Dan repareren of vervangen we je rugzak zonder extra kosten.<\/p>"}},"e5333444-b8b5-4a99-8d22-d5dc57e381b1":{"type":"item","settings":{"title":"60 dagen op proef en gratis terugbetaling","content":"<p>Als je, om welke reden dan ook, niet helemaal tevreden bent met je aankoop, stuur het dan binnen 60 dagen naar ons terug voor een volledige terugbetaling, zonder vragen te stellen. We vergoeden ook de kosten voor het terugsturen van het product.<\/p>"}},"9fa72a77-aa25-4e2c-a6d8-7fbdb49d566b":{"type":"item","disabled":true,"settings":{"title":"Informationen zur Lieferung","content":"<p>Write content to answer to common questions your customers may have about your products, shipping policies..<\/p>"}}},"block_order":["template--17863951352103__7afd489d-91f1-401c-a780-3c27756532ff-1676381823011ca7f7-0","template--17863951352103__7afd489d-91f1-401c-a780-3c27756532ff-1676381823011ca7f7-1","template--17863951352103__7afd489d-91f1-401c-a780-3c27756532ff-1676381823011ca7f7-2","399a0b10-bf34-45a6-9dce-56491286d177","e5333444-b8b5-4a99-8d22-d5dc57e381b1","9fa72a77-aa25-4e2c-a6d8-7fbdb49d566b"],"settings":{"full_width":true,"subheading":"","title":"Veelgestelde vragen","content":"<p><strong>Heb je hulp nodig<\/strong>? We zijn bereikbaar per e-mail en telefoon<\/p>","team_avatar_width":160,"support_hours":"","answer_time":"","button_text":"","button_url":"","text_position":"center","background":"#ffffff","background_gradient":"","text_color":"#191818","heading_color":"","heading_gradient":"","button_background":"","button_text_color":"","accordion_background":"#ffffff","accordion_text_color":"#191818"}}},"order":["main","80308bce-aa0a-4c00-913a-182fd33d80b3","7afd489d-91f1-401c-a780-3c27756532ff"]}