{"sections":{"main":{"type":"main-page","disabled":true,"settings":{"content_width":"80ch"}},"contact":{"type":"contact","blocks":{"7a90a04b-f5bd-4f88-be5f-6bad235b752b":{"type":"text","settings":{"title":"Société","use_long_text":false}},"699ec8f8-a54e-4139-b5af-a5eb3fa084c0":{"type":"text","settings":{"title":"Téléphone","use_long_text":false}},"1ce198eb-7297-45f1-b27c-91778b28e52b":{"type":"text","settings":{"title":"Adresse postale","use_long_text":false}},"a6f6845d-0ee6-4816-a4eb-a617687fc265":{"type":"dropdown","settings":{"title":"La demande concerne","values":"Ergohuman Classic, Ergohuman Luxury, Mirus, Verve"}},"7d860cb1-8ce8-4001-b85a-52f9a46f9a70":{"type":"dropdown","settings":{"title":"Vous préférez","values":"Être contacté par téléphone, Être contacté par e-mail, Nous rencontrer dans nos locaux"}}},"block_order":["7a90a04b-f5bd-4f88-be5f-6bad235b752b","699ec8f8-a54e-4139-b5af-a5eb3fa084c0","1ce198eb-7297-45f1-b27c-91778b28e52b","a6f6845d-0ee6-4816-a4eb-a617687fc265","7d860cb1-8ce8-4001-b85a-52f9a46f9a70"],"settings":{"full_width":true,"subheading":"DEMANDE DE DEVIS","title":"Nous vous offrons un devis !","content":"<p>Afin de connaitre vos attentions et vos souhaits, nous souhaiterions en apprendre un peux plus sur votre demande. Veuillez remplir le formulaire de devis juste en dessous :<\/p>","text_position":"start","contact_form_size":"large","background":"","background_gradient":"","text_color":"","heading_color":"#33463a","heading_gradient":"","contact_background":"","contact_text_color":"","button_background":"#33463a","button_text_color":""}},"e7698cff-8cb6-4652-b99c-831d0e762a74":{"type":"rich-text","blocks":{"template--17863951286567__e7698cff-8cb6-4652-b99c-831d0e762a74-1676380470b60b94ea-0":{"type":"subheading","settings":{"text":""}},"template--17863951286567__e7698cff-8cb6-4652-b99c-831d0e762a74-1676380470b60b94ea-1":{"type":"heading","settings":{"text":"NOUS RENCONTRER ?","heading_tag":"h3","text_color":"","gradient":""}},"template--17863951286567__e7698cff-8cb6-4652-b99c-831d0e762a74-1676380470b60b94ea-2":{"type":"richtext","settings":{"content":"<p><em><strong>Comfwork<\/strong><\/em><\/p><p><strong>contact@comfwork.com<br\/>16 rue du rond buisson 25220 Thise<br\/>03.81.85.06.50 <\/strong><\/p>"}}},"block_order":["template--17863951286567__e7698cff-8cb6-4652-b99c-831d0e762a74-1676380470b60b94ea-0","template--17863951286567__e7698cff-8cb6-4652-b99c-831d0e762a74-1676380470b60b94ea-1","template--17863951286567__e7698cff-8cb6-4652-b99c-831d0e762a74-1676380470b60b94ea-2"],"settings":{"full_width":true,"content_width":"small","text_position":"center","background":"#33463a","background_gradient":"","text_color":"#ffffff"}},"424ddf14-ec36-4620-b48f-da5f0533e0d0":{"type":"accordion-content","blocks":{"template--17863951286567__424ddf14-ec36-4620-b48f-da5f0533e0d0-16763797040e5bda71-0":{"type":"item","settings":{"title":"Question 1","content":"<p>Write content to help your customers to better understand your products or policies.<\/p>"}},"template--17863951286567__424ddf14-ec36-4620-b48f-da5f0533e0d0-16763797040e5bda71-1":{"type":"item","settings":{"title":"Question 2","content":"<p>Write content to help your customers to better understand your products or policies.<\/p>"}},"template--17863951286567__424ddf14-ec36-4620-b48f-da5f0533e0d0-16763797040e5bda71-2":{"type":"item","settings":{"title":"Question 3","content":"<p>Write content to help your customers to better understand your products or policies.<\/p>"}}},"block_order":["template--17863951286567__424ddf14-ec36-4620-b48f-da5f0533e0d0-16763797040e5bda71-0","template--17863951286567__424ddf14-ec36-4620-b48f-da5f0533e0d0-16763797040e5bda71-1","template--17863951286567__424ddf14-ec36-4620-b48f-da5f0533e0d0-16763797040e5bda71-2"],"settings":{"full_width":true,"subheading":"","title":"QUESTIONS FRÉQUENTES","content":"<p>Vous trouverez ici nos questions les plus fréquentes. Si vous ne trouvez pas réponse à votre questions, écrivez-nous ou appelez nous ! <\/p>","button_text":"","button_url":"","text_position":"start","background":"","background_gradient":"","text_color":"","heading_color":"#33463a","heading_gradient":"","button_background":"","button_text_color":"","accordion_background":"#33463a","accordion_text_color":"#ffffff"}}},"order":["main","contact","e7698cff-8cb6-4652-b99c-831d0e762a74","424ddf14-ec36-4620-b48f-da5f0533e0d0"]}