{"sections":{"main":{"type":"main-product","blocks":{"vendor":{"type":"vendor","settings":{}},"title":{"type":"title","settings":{"heading_tag":"h2"}},"badges":{"type":"badges","settings":{}},"price":{"type":"price","settings":{"show_taxes_notice":false}},"rating":{"type":"rating","settings":{"show_empty":false}},"payment_terms":{"type":"payment_terms","settings":{}},"separator":{"type":"separator","settings":{}},"description":{"type":"description","settings":{"collapse_content":false}},"variant_picker":{"type":"variant_picker","settings":{"hide_sold_out_variants":false,"stack_blocks":true,"selector_mode":"block","color_mode":"color","size_chart_page":""}},"17b616b8-4019-4df8-9d1a-6f5d6c335036":{"type":"image","settings":{"image":"shopify:\/\/shop_images\/Sans_titre_-_2023-02-15T140427.867.png","alignment":"start","max_width":500}},"quantity_selector":{"type":"quantity_selector","settings":{}},"buy_buttons":{"type":"buy_buttons","disabled":true,"settings":{"show_payment_button":false,"atc_button_background":"#33463a","atc_button_text_color":"","payment_button_background":"","payment_button_text_color":""}},"4b829a21-7f86-4459-af48-c77dfbca8461":{"type":"collapsible_text","settings":{"title":"Bénéfices","content":"<p>Profitez d'un soulagement instantané dès que vous vous asseyez. Verve est un siège de travail haute performance qui se distingue par sa silhouette saisissante, sa palette ludique et son ergonomie accessible.<\/p>"}},"ae3a4517-50b2-4eba-a04f-c8c064aebce8":{"type":"collapsible_text","settings":{"title":"Parfait pour","content":"<ul><li>Travaileur indépendants <\/li><li>Freelanceur <\/li><li>PME <\/li><li>Grosses structures<\/li><\/ul>"}},"005c7807-7ffc-4837-b77b-59856ca6b942":{"type":"collapsible_text","settings":{"title":"Verve en 5 mots","content":"<ul><li>Simplicité <\/li><li>Confort<\/li><li>Ergonomie<\/li><li>Bien-être<\/li><li>Polyvalence <\/li><\/ul>"}}},"block_order":["vendor","title","badges","price","rating","payment_terms","separator","description","variant_picker","17b616b8-4019-4df8-9d1a-6f5d6c335036","quantity_selector","buy_buttons","4b829a21-7f86-4459-af48-c77dfbca8461","ae3a4517-50b2-4eba-a04f-c8c064aebce8","005c7807-7ffc-4837-b77b-59856ca6b942"],"settings":{"full_width":true,"show_fixed_add_to_cart":true,"desktop_media_width":55,"desktop_media_layout":"grid_highlight","mobile_media_size":"expanded","mobile_carousel_control":"floating_dots","enable_video_autoplay":false,"enable_video_looping":true,"enable_image_zoom":true,"max_image_zoom_level":3,"background":"","background_gradient":"","text_color":"","input_background":"rgba(0,0,0,0)","input_text_color":""}},"02fc6cd0-f691-45c5-8ffa-be93bf92c4a5":{"type":"accordion-content","blocks":{"template--17885942513959__02fc6cd0-f691-45c5-8ffa-be93bf92c4a5-1676466583c542cb2e-0":{"type":"item","settings":{"title":"Description","content":"<p>Nous avons entrepris de créer un fauteuil qui établit une nouvelle norme industrielle en matière de design et de confort, mais qui coûte la moitié du prix de ses homologues. Conçue en Californie, la chaise Verve est conçue de main de maître et fabriquée de manière obsessionnelle, en mettant l'accent sur une esthétique attrayante, une ergonomie et une valeur exceptionnelles.<br\/><br\/>Enveloppé dans un tricot 3D unique, son dossier suspendu en forme de V offre un soutien intégré et réglable de la colonne vertébrale pour un confort continu. La correspondance précise des couleurs entre les matériaux produit une palette véritablement unifiée qui permet à quiconque de créer des lignes de vue accrocheuses à la maison ou au travail.<\/p>"}},"template--17885942513959__02fc6cd0-f691-45c5-8ffa-be93bf92c4a5-1676466583c542cb2e-1":{"type":"item","settings":{"title":"Dimensions","content":"<p>Dans l'ensemble :<br\/><br\/>27\" W x 27\" D x 37-41\" H P x 37-41\" H<br\/>Poids assemblé : 26 lbs<br\/>Capacité maximale : 300 lbs<br\/><br\/>Réglages :<br\/><br\/>Inclinaison de 20° de la chaise<br\/>5 cycles de tension d'inclinaison<br\/>Plage d'appui lombaire de 2<br\/>Profondeur du siège de 2,5 po<br\/>Hauteur de l'accoudoir : 2,5<br\/><br\/>Matériaux :<br\/><br\/>Tissu : Tricot 3D, 100% polyester<br\/>Assise : mousse moulée haute densité<br\/>Base : Aluminium revêtu de poudre<br\/>Cadre : Polyamide renforcé de verre<\/p>"}},"template--17885942513959__02fc6cd0-f691-45c5-8ffa-be93bf92c4a5-1676466583c542cb2e-2":{"type":"item","settings":{"title":"Détails","content":"<p>Expédition et assemblage :<br\/><br\/>Expédition : La chaise Verve est expédiée gratuitement avec un auto-assemblage facile.<br\/>Montage : Voir les instructions de montage <em><strong>ici<\/strong><\/em>.<br\/><br\/>Politique de retour :<br\/><br\/>Si vous souhaitez procéder à un retour, les produits Branch comme neufs dans leur emballage d'origine peuvent être retournés pour un remboursement dans les <strong>30 jours suivant la livraison<\/strong>. Notre politique complète se trouve <em><strong>ici<\/strong><\/em>.<br\/><br\/>Garantie :<br\/><br\/>La chaise Verve est couverte par une garantie de 10 ans. Notre politique complète peut être consultée <em><strong>ici<\/strong><\/em>.<\/p>"}}},"block_order":["template--17885942513959__02fc6cd0-f691-45c5-8ffa-be93bf92c4a5-1676466583c542cb2e-0","template--17885942513959__02fc6cd0-f691-45c5-8ffa-be93bf92c4a5-1676466583c542cb2e-1","template--17885942513959__02fc6cd0-f691-45c5-8ffa-be93bf92c4a5-1676466583c542cb2e-2"],"settings":{"full_width":true,"subheading":"","title":"Quelques infos","content":"","button_text":"","button_url":"","text_position":"center","background":"#33463a","background_gradient":"","text_color":"#ffffff","heading_color":"","heading_gradient":"","button_background":"","button_text_color":"","accordion_background":"#ffffff","accordion_text_color":"#000000"}},"a9ee1872-e8aa-44e9-9d56-7836d13b8373":{"type":"slideshow","blocks":{"template--17863951647015__a9ee1872-e8aa-44e9-9d56-7836d13b8373-16763939530689c9e2-0":{"type":"image","settings":{"image":"shopify:\/\/shop_images\/Capture_d_ecran_2023-02-14_a_18.00.45.png","mobile_image":"shopify:\/\/shop_images\/Capture_d_ecran_2023-02-14_a_18.00.45.png","content_max_width":400,"mobile_text_position":"place-self-center text-center","desktop_text_position":"sm:place-self-center sm:text-center","subheading":"","title":"","heading_tag":"h0","button_text":"","button_link":"","text_color":"#ffffff","button_background":"#ffffff","button_text_color":"#000000","overlay_color":"#000000","overlay_opacity":0,"background":"","background_gradient":""}}},"block_order":["template--17863951647015__a9ee1872-e8aa-44e9-9d56-7836d13b8373-16763939530689c9e2-0"],"settings":{"full_width":true,"allow_transparent_header":true,"image_size":"auto","controls_type":"dots","transition_type":"fade_with_text","autoplay":false,"cycle_speed":6,"background":"#f2f2f2","background_gradient":""}},"c5adba79-fc6a-4116-bdf5-2e3cfeb186cd":{"type":"rich-text","blocks":{"template--17885942513959__c5adba79-fc6a-4116-bdf5-2e3cfeb186cd-167646822289c6a7a1-0":{"type":"subheading","settings":{"text":"La simplicité par l'excellence"}},"template--17885942513959__c5adba79-fc6a-4116-bdf5-2e3cfeb186cd-167646822289c6a7a1-1":{"type":"heading","settings":{"text":"VERVE by Comfwork.","heading_tag":"h3","text_color":"#33463a","gradient":""}}},"block_order":["template--17885942513959__c5adba79-fc6a-4116-bdf5-2e3cfeb186cd-167646822289c6a7a1-0","template--17885942513959__c5adba79-fc6a-4116-bdf5-2e3cfeb186cd-167646822289c6a7a1-1"],"settings":{"full_width":true,"content_width":"small","text_position":"center","background":"#ffffff","background_gradient":"","text_color":""}},"7c98d952-4804-4496-83c9-ff4b8097ed10":{"type":"media-with-text","blocks":{"template--17885942513959__7c98d952-4804-4496-83c9-ff4b8097ed10-1676467752d53d9bf9-0":{"type":"image","settings":{"image":"shopify:\/\/shop_images\/Sans_titre_-_2023-02-15T143055.731.png","media_width":50,"media_position":"start","text_position":"place-self-center text-center","icon":"none","icon_width":48,"subheading":"Un desing unique.","title":"Conception polyvalente","content":"<p>Enveloppé dans un dos en tricot 3D doux au toucher, composé de fils de différentes résistances, Verve trouve un équilibre idéal entre un soutien optimal et une liberté de mouvement, tout en offrant un confort respirant et frais pour une utilisation tout au long de la journée.<\/p>","link_text":"","link_url":"","background":"#ffffff","background_gradient":"","text_color":"#000000","text_gradient":"","button_background":"","button_text_color":""}}},"block_order":["template--17885942513959__7c98d952-4804-4496-83c9-ff4b8097ed10-1676467752d53d9bf9-0"],"settings":{"full_width":true,"enable_parallax":true,"spacing":"none"}},"9a7e36ff-b11e-42b5-b97a-cb56597c1c02":{"type":"media-with-text","blocks":{"template--17885942513959__9a7e36ff-b11e-42b5-b97a-cb56597c1c02-1676467752d53d9bf9-0":{"type":"image","settings":{"image":"shopify:\/\/shop_images\/mistdetail2_1000x1000_daa6b736-b8a6-43ea-807c-cc143e487510.webp","media_width":50,"media_position":"end","text_position":"place-self-center text-center","icon":"none","icon_width":24,"subheading":"À la pointe de la technologie.","title":"Ergonomie inclusive","content":"<p>Six réglages ergonomiques intuitifs sont proposés de série, notamment un support lombaire rembourré et réglable qui permet à votre colonne vertébrale de conserver sa courbe en S naturelle, de sorte que tout le monde peut maintenir une posture saine avec moins de fatigue.<\/p>","link_text":"","link_url":"","background":"#33463a","background_gradient":"","text_color":"#ffffff","text_gradient":"","button_background":"","button_text_color":""}}},"block_order":["template--17885942513959__9a7e36ff-b11e-42b5-b97a-cb56597c1c02-1676467752d53d9bf9-0"],"settings":{"full_width":true,"enable_parallax":true,"spacing":"none"}},"f7e20bfe-a9e6-43dc-8d42-a464a0ff4e32":{"type":"media-with-text","blocks":{"template--17885942513959__f7e20bfe-a9e6-43dc-8d42-a464a0ff4e32-1676467752d53d9bf9-0":{"type":"image","settings":{"image":"shopify:\/\/shop_images\/Sans_titre_-_2023-02-15T145246.631.png","media_width":50,"media_position":"start","text_position":"place-self-center text-center","icon":"none","icon_width":48,"subheading":"Creéz votre propre univers.","title":"Un style accessible","content":"<p>As economical as it is ergonomic, Verve doesn't make you compromise between an exceptional design and an exceptional deal. Choose between three \"dipped in\" colors that will complement any environment.  <\/p>","link_text":"","link_url":"","background":"#ffffff","background_gradient":"","text_color":"#000000","text_gradient":"","button_background":"","button_text_color":""}}},"block_order":["template--17885942513959__f7e20bfe-a9e6-43dc-8d42-a464a0ff4e32-1676467752d53d9bf9-0"],"settings":{"full_width":true,"enable_parallax":true,"spacing":"none"}},"03281c4d-beee-46b5-bd2b-ec4e630c7301":{"type":"newsletter","settings":{"full_width":true,"show_icon":false,"title":"Essayez Verve !","content":"<p>Communiquez-nous votre email pour réserver un essai de notre siège Verve. Notre équipe commerciale prendra contact avec vous dans les plus bref délais.<\/p>","button_text":"RÉSERVER MON ESSAI","subtext":"","background":"#33463a","background_gradient":"","text_color":"#ffffff","button_background":"#000000","button_text_color":""}},"related-products":{"type":"related-products","settings":{"recommendations_count":2,"products":[],"full_width":true,"stack_products":true,"show_progress_bar":false,"products_per_row_mobile":"2","products_per_row_desktop":2,"subheading":"Rien que pour vous...","title":"Nos nouvelles couleurs","content":"","background":"","background_gradient":"","text_color":"","heading_color":"#33463a","heading_gradient":"","product_card_background":"","product_card_text_color":""}},"alireviews-section-961ebbef-a5ee-4665-807e-7f443c3cbf57":{"type":"apps","settings":{}}},"order":["main","02fc6cd0-f691-45c5-8ffa-be93bf92c4a5","a9ee1872-e8aa-44e9-9d56-7836d13b8373","c5adba79-fc6a-4116-bdf5-2e3cfeb186cd","7c98d952-4804-4496-83c9-ff4b8097ed10","9a7e36ff-b11e-42b5-b97a-cb56597c1c02","f7e20bfe-a9e6-43dc-8d42-a464a0ff4e32","03281c4d-beee-46b5-bd2b-ec4e630c7301","related-products","alireviews-section-961ebbef-a5ee-4665-807e-7f443c3cbf57"]}