{"sections":{"main":{"type":"main-product","blocks":{"vendor":{"type":"vendor","disabled":true,"settings":{}},"7a7a77c4-52f5-455d-b223-d11faaf75c0c":{"type":"avis","settings":{"stars_style":"stars","rating":4.5,"rating_text":"4,5\/5 (8972 Kundenmeinungen)","block_margin_bottom":0}},"title":{"type":"title","settings":{"heading_tag":"h1"}},"badges":{"type":"badges","disabled":true,"settings":{}},"price":{"type":"price","settings":{"show_taxes_notice":false,"show_klarna":true}},"rating":{"type":"rating","disabled":true,"settings":{"show_empty":true}},"payment_terms":{"type":"payment_terms","settings":{}},"separator":{"type":"separator","disabled":true,"settings":{}},"462bb776-154d-4119-9416-c09dc2c17216":{"type":"image","disabled":true,"settings":{"alignment":"start","max_width":150}},"d1f5eed7-046a-46e3-a9f0-754b15db0a9e":{"type":"collapsible_text","disabled":true,"settings":{"title":"Title","content":"<p>Share some content to your customers about your products.<\/p>"}},"variant_picker":{"type":"variant_picker","settings":{"hide_sold_out_variants":false,"stack_blocks":true,"selector_mode":"block","color_mode":"block","size_chart_page":""}},"quantity_selector":{"type":"quantity_selector","disabled":true,"settings":{}},"6352f18c-6d7d-481a-9ccc-1dc3aad93f98":{"type":"offer","settings":{"text_alignment":"start","icon_position":"aligned","icon":"picto-star","custom_icon":"shopify:\/\/shop_images\/valide2.png","icon_width":24,"title":"Lebenslange Garantie","content":"","background":"#f7f7f7","text_color":"#131313"}},"b4bd8f4f-6ff3-40eb-a89d-dcef4a66d940":{"type":"offer","settings":{"text_alignment":"start","icon_position":"aligned","icon":"picto-coupon","custom_icon":"shopify:\/\/shop_images\/valide2.png","icon_width":24,"title":"60 Tage Probezeit","content":"","background":"#f7f7f7","text_color":"#191818"}},"buy_buttons":{"type":"buy_buttons","settings":{"show_payment_button":false,"atc_button_background":"#191818","atc_button_text_color":"#ffffff","icon":"shopify:\/\/shop_images\/sac-de-courses.png","payment_button_background":"","payment_button_text_color":""}},"1c7a1f73-9cc4-4528-bff2-f765ae58ae66":{"type":"image","settings":{"image":"shopify:\/\/shop_images\/hdf.png","alignment":"center","max_width":240}},"ecc009d0-f2a0-4e46-9012-609a027bb16a":{"type":"offer","settings":{"text_alignment":"center","icon_position":"aligned","icon":"picto-mobile-phone","icon_width":24,"title":"Android- und IOS-kompatibel","content":"","background":"#f7f7f7","text_color":"#191818"}},"description":{"type":"description","settings":{"collapse_content":false}},"110e8e77-abcf-4fd0-8932-67b6fc23e434":{"type":"share_buttons","disabled":true,"settings":{"alignment":"start"}},"83caeff0-0932-45ce-8de6-29e42991ed4d":{"type":"collapsible_text","disabled":true,"settings":{"title":"Title","content":"<p>Share some content to your customers about your products.<\/p>"}},"0f1efe2d-0c6f-4634-9d34-f12fad7af9b8":{"type":"associated_products","disabled":true,"settings":{"title":"Buy it with","stack_products":true,"products_count":5,"background":"","text_color":""}},"c63ca962-abac-4a97-b2ae-98892699e644":{"type":"collapsible_text","settings":{"title":"Was sind seine Vorteile?","content":"<p>- 100% wasserdicht<br\/>- Außergewöhnliche Klangqualität<br\/>- CE-zertifiziert - garantierte Sicherheit<br\/>- Über <strong>25.000<\/strong> Kunden duschen mit Showerbuds<br\/>- Lange Batterielebensdauer, 18 Stunden<\/p>"}},"259e1f71-acde-488e-bffd-0e08c570949f":{"type":"collapsible_text","settings":{"title":"Wie funktioniert das?","content":"<p>Genießen Sie die perfekte Dusche mit Feelix Showerbuds. Diese wasserdichten Ohrstöpsel lassen sich mühelos mit Ihren Bluetooth-fähigen Geräten koppeln und geben Ihnen die Freiheit, Musik zu streamen und Anrufe drahtlos zu beantworten, während Sie sich einer erfrischenden Dusche hingeben.<br\/><br\/>Mit einem robusten Design, das Feuchtigkeit standhält, bieten unsere Ohrhörer nahtlose Funktionalität und hervorragende Klangqualität, die Ihre Duschsitzungen zu einer Oase der Entspannung und Unterhaltung machen.<\/p>"}},"a3abd7ce-f614-48de-b4e2-ea837de51d20":{"type":"collapsible_text","settings":{"title":"60 Tage Probe & kostenlose Rücksendung","content":"<p>Wenn Sie aus irgendeinem Grund nicht vollständig mit Ihrem Kauf zufrieden sind, schicken Sie ihn innerhalb von 60 Tagen an uns zurück und wir erstatten Ihnen ohne weitere Fragen den vollen Kaufpreis zurück. Wir übernehmen auch die Kosten für die Rücksendung.<\/p>"}},"d8d9913d-2c5a-417d-b2bb-608c4cb47786":{"type":"collapsible_text","disabled":true,"settings":{"title":"Funktionen","content":"<p><strong>Erweiterbare Tasche 20-35 Liter<br\/>Vorhängeschloss mit diebstahlsicherem Code<br\/>180-Grad-Öffnung<br\/>Externer USB-Anschluss mit integriertem internem Adapter<br\/>Wasserdicht<br\/>13 verschiedene Fächer<br\/>Extra weich gepolsterte Schultergurte und Rückenkissen<br\/>Befestigungsgurt für Koffer<br\/>Taschen für 17-Zoll-Computer und 10-Zoll-Tablet<br\/>Stoßfeste Schale<br\/>Versteckte Rückentaschen<br\/>Taschen am Schultergurt für Karten<br\/>Externe Tasche für Wasserflasche<br\/>Komprimierendes Netz<\/strong><\/p>"}}},"block_order":["vendor","7a7a77c4-52f5-455d-b223-d11faaf75c0c","title","badges","price","rating","payment_terms","separator","462bb776-154d-4119-9416-c09dc2c17216","d1f5eed7-046a-46e3-a9f0-754b15db0a9e","variant_picker","quantity_selector","6352f18c-6d7d-481a-9ccc-1dc3aad93f98","b4bd8f4f-6ff3-40eb-a89d-dcef4a66d940","buy_buttons","1c7a1f73-9cc4-4528-bff2-f765ae58ae66","ecc009d0-f2a0-4e46-9012-609a027bb16a","description","110e8e77-abcf-4fd0-8932-67b6fc23e434","83caeff0-0932-45ce-8de6-29e42991ed4d","0f1efe2d-0c6f-4634-9d34-f12fad7af9b8","c63ca962-abac-4a97-b2ae-98892699e644","259e1f71-acde-488e-bffd-0e08c570949f","a3abd7ce-f614-48de-b4e2-ea837de51d20","d8d9913d-2c5a-417d-b2bb-608c4cb47786"],"settings":{"full_width":false,"show_fixed_add_to_cart":true,"desktop_media_width":55,"desktop_media_layout":"carousel_thumbnails_left","mobile_media_size":"expanded","mobile_carousel_control":"free_scroll","enable_video_autoplay":false,"enable_video_looping":false,"enable_image_zoom":false,"max_image_zoom_level":3,"background":"","background_gradient":"","text_color":"","input_background":"#f7f7f7","input_text_color":"#ffffff"}},"1c5f426a-27b7-47ca-b6f8-e3e8f9b4b114":{"type":"rich-text","blocks":{"template--17863951647015__1c5f426a-27b7-47ca-b6f8-e3e8f9b4b114-1676393640469672d1-1":{"type":"heading","settings":{"text":"Bienvenue sur ShadyBox","heading_tag":"h1","text_color":"","gradient":"linear-gradient(167deg, rgba(145, 35, 33, 1), rgba(255, 255, 255, 1) 100%)"}},"template--17863951647015__1c5f426a-27b7-47ca-b6f8-e3e8f9b4b114-1676393640469672d1-2":{"type":"richtext","settings":{"content":"<p>Votre destination ultime pour la lingerie sexy et les jouets pour adultes. Explorez notre <strong>sélection exclusive<\/strong> de produits érotiques pour homme et femme, conçus pour vous aider à explorer <strong>votre sexualité<\/strong> et à pimenter votre vie amoureuse.<\/p><h2><\/h2>"}}},"block_order":["template--17863951647015__1c5f426a-27b7-47ca-b6f8-e3e8f9b4b114-1676393640469672d1-1","template--17863951647015__1c5f426a-27b7-47ca-b6f8-e3e8f9b4b114-1676393640469672d1-2"],"disabled":true,"settings":{"full_width":true,"content_width":"small","text_position":"center","background":"","background_gradient":"","text_color":""}},"8d000c07-b0ca-4f95-b0d3-595a52b2d203":{"type":"media-grid","blocks":{"template--17863951647015__8d000c07-b0ca-4f95-b0d3-595a52b2d203-1676393296da4152ac-0":{"type":"image","settings":{"title":"","heading_tag":"h4","link_url":"","link_text":"","mobile_text_position":"place-self-center text-center","desktop_column_span":1,"desktop_row_span":1,"desktop_text_position":"sm:place-self-center sm:text-center","background":"#000000","background_gradient":"","text_color":"#ffffff","text_gradient":"","button_background":"#000000","button_text_color":"#ffffff","overlay_color":"#000000","overlay_opacity":0}},"template--17863951647015__8d000c07-b0ca-4f95-b0d3-595a52b2d203-1676393296da4152ac-1":{"type":"image","settings":{"title":"","heading_tag":"h4","link_url":"","link_text":"","mobile_text_position":"place-self-center text-center","desktop_column_span":1,"desktop_row_span":1,"desktop_text_position":"sm:place-self-center sm:text-center","background":"#000000","background_gradient":"","text_color":"#ffffff","text_gradient":"","button_background":"#000000","button_text_color":"#ffffff","overlay_color":"#000000","overlay_opacity":0}},"template--17863951647015__8d000c07-b0ca-4f95-b0d3-595a52b2d203-1676393296da4152ac-2":{"type":"image","settings":{"title":"","heading_tag":"h4","link_url":"","link_text":"","mobile_text_position":"place-self-center text-center","desktop_column_span":1,"desktop_row_span":1,"desktop_text_position":"sm:place-self-center sm:text-center","background":"#000000","background_gradient":"","text_color":"#ffffff","text_gradient":"","button_background":"#000000","button_text_color":"#ffffff","overlay_color":"#000000","overlay_opacity":0}},"ba18a5d5-f069-49f8-aae8-ee7528760188":{"type":"image","settings":{"title":"","heading_tag":"h4","link_url":"","link_text":"","mobile_text_position":"place-self-center text-center","desktop_column_span":1,"desktop_row_span":1,"desktop_text_position":"sm:place-self-center sm:text-center","background":"#000000","background_gradient":"","text_color":"#ffffff","text_gradient":"","button_background":"#000000","button_text_color":"#ffffff","overlay_color":"#000000","overlay_opacity":0}}},"block_order":["template--17863951647015__8d000c07-b0ca-4f95-b0d3-595a52b2d203-1676393296da4152ac-0","template--17863951647015__8d000c07-b0ca-4f95-b0d3-595a52b2d203-1676393296da4152ac-1","template--17863951647015__8d000c07-b0ca-4f95-b0d3-595a52b2d203-1676393296da4152ac-2","ba18a5d5-f069-49f8-aae8-ee7528760188"],"disabled":true,"settings":{"full_width":true,"reduce_width":false,"desktop_row_height":290,"mobile_row_height":150,"background":"#ffffff","background_gradient":""}},"95340b72-73ab-425d-9464-2d130b040aeb":{"type":"media-with-text","blocks":{"template--17850614808841__95340b72-73ab-425d-9464-2d130b040aeb-167836686062191866-0":{"type":"image","settings":{"image":"shopify:\/\/shop_images\/ezgif.com-optimize_3_1080x_1.gif","media_width":50,"media_position":"start","text_position":"place-self-center text-center","icon":"none","icon_width":44,"subheading":"","title":"Die ersten 100% wasserdichten Kopfhörer","content":"<p>Die <strong>Feelix Showerbuds<\/strong> sind speziell für den Gebrauch unter der <strong>Dusche entwickelt worden<\/strong>, denn unsere Ohrstöpsel sind der Herausforderung gewachsen!<\/p>","link_text":"","link_url":"","background":"#ffffff","background_gradient":"","text_color":"#131313","text_gradient":"","button_background":"","button_text_color":""}}},"block_order":["template--17850614808841__95340b72-73ab-425d-9464-2d130b040aeb-167836686062191866-0"],"settings":{"full_width":false,"enable_parallax":false,"spacing":"small"}},"385efe8e-bf2c-4bd7-bad5-db9dfa4a8b1f":{"type":"media-with-text","blocks":{"template--17850614808841__385efe8e-bf2c-4bd7-bad5-db9dfa4a8b1f-167836686062191866-0":{"type":"image","settings":{"image":"shopify:\/\/shop_images\/image3.jpg","media_width":50,"media_position":"end","text_position":"place-self-center text-center","icon":"none","icon_width":44,"subheading":"","title":"Außergewöhnliche Tonqualität","content":"<p>Die <strong>Feelix Showerbuds<\/strong> liefern eine außergewöhnliche Audioqualität mit satten Bässen, klaren Stimmen und einem großen Dynamikbereich. <strong>Erleben Sie Musik<\/strong> wie nie zuvor, da der Klang um Sie herum widerhallt und Ihre Dusche in ein persönliches Konzert verwandelt.<\/p>","link_text":"","link_url":"","background":"#6e72f0","background_gradient":"","text_color":"#ffffff","text_gradient":"","button_background":"","button_text_color":""}}},"block_order":["template--17850614808841__385efe8e-bf2c-4bd7-bad5-db9dfa4a8b1f-167836686062191866-0"],"settings":{"full_width":true,"enable_parallax":false,"spacing":"none"}},"bcc1e0a4-01de-4fc5-ac93-b5fb378c6d1e":{"type":"media-with-text","blocks":{"template--17850614808841__bcc1e0a4-01de-4fc5-ac93-b5fb378c6d1e-167836686062191866-0":{"type":"image","settings":{"image":"shopify:\/\/shop_images\/ezgif.com-crop.gif","media_width":50,"media_position":"start","text_position":"place-self-center text-center","icon":"none","icon_width":48,"subheading":"","title":"Garantierte Sicherheit","content":"<p>Die Feelix Showerbuds wurden nicht nur für eine <strong>außergewöhnliche Leistung<\/strong> entwickelt, sondern stellen auch Ihre Sicherheit in den Vordergrund. Die CE-zertifizierten Ohrstöpsel wurden strengen <strong>Tests unterzogen<\/strong>, um die höchsten Qualitäts- und Sicherheitsstandards zu erfüllen. Sie können beruhigt sein, denn Sie wissen, dass unsere Ohrstöpsel gründlich geprüft wurden, um sicherzustellen, dass Sie sie beim <strong>Duschen sicher<\/strong> verwenden können und alle relevanten Vorschriften einhalten.<\/p>","link_text":"","link_url":"","background":"#ffffff","background_gradient":"","text_color":"#131313","text_gradient":"","button_background":"","button_text_color":""}}},"block_order":["template--17850614808841__bcc1e0a4-01de-4fc5-ac93-b5fb378c6d1e-167836686062191866-0"],"settings":{"full_width":false,"enable_parallax":false,"spacing":"small"}},"74e9afc9-44c0-4d06-b3eb-cb4025fc4ab8":{"type":"media-with-text","blocks":{"template--19262980751686__74e9afc9-44c0-4d06-b3eb-cb4025fc4ab8-168953962523a23b80-0":{"type":"image","settings":{"image":"shopify:\/\/shop_images\/image4.jpg","media_width":50,"media_position":"end","text_position":"place-self-center text-center","icon":"none","icon_width":48,"subheading":"","title":"Eine neue Erfahrung","content":"<p><strong>✓ Wasserdicht.  <\/strong>Die Showerbuds sind vollständig wasserdicht, so dass Sie Ihre Lieblingsmusik unter der Dusche genießen können.<br\/><br\/><strong>✓ Klangqualität. <\/strong>Tauchen Sie mit den Showerbuds in eine ganz neue Welt ein und genießen Sie eine außergewöhnliche Klangqualität.<br\/><br\/><strong>✓ Sicherheit. <\/strong>Genießen Sie sorgenfreien Musikgenuss, denn unsere CE-zertifizierten Showerbuds garantieren 100 % Sicherheit für Ihren Seelenfrieden.<\/p>","link_text":"","link_url":"","background":"#000000","background_gradient":"","text_color":"#ffffff","text_gradient":"","button_background":"","button_text_color":""}}},"block_order":["template--19262980751686__74e9afc9-44c0-4d06-b3eb-cb4025fc4ab8-168953962523a23b80-0"],"settings":{"full_width":true,"enable_parallax":false,"spacing":"none"}},"a9ee1872-e8aa-44e9-9d56-7836d13b8373":{"type":"slideshow","blocks":{"template--17863951647015__a9ee1872-e8aa-44e9-9d56-7836d13b8373-16763939530689c9e2-0":{"type":"image","settings":{"content_max_width":560,"mobile_text_position":"place-self-center text-center","desktop_text_position":"sm:place-self-center sm:text-center","subheading":"","title":"","heading_tag":"h0","button_text":"","button_link":"","text_color":"#ffffff","button_background":"#ffffff","button_text_color":"#000000","overlay_color":"#000000","overlay_opacity":0,"background":"","background_gradient":""}}},"block_order":["template--17863951647015__a9ee1872-e8aa-44e9-9d56-7836d13b8373-16763939530689c9e2-0"],"disabled":true,"settings":{"full_width":true,"allow_transparent_header":true,"image_size":"auto","controls_type":"dots","transition_type":"fade_with_text","autoplay":false,"cycle_speed":6,"background":"#f2f2f2","background_gradient":""}},"4c63e67d-9f2d-4021-9294-eeb2a982d529":{"type":"impact-text","blocks":{"template--19262980751686__4c63e67d-9f2d-4021-9294-eeb2a982d529-1689632301967b3110-0":{"type":"item","settings":{"title":"4,8\/5","subheading":"","content":"<h2>Einige Kundenmeinungen<\/h2><p>Finden Sie heraus, was die Kunden denken<\/p>","button_text":"","button_url":"","animate_impact_text":true,"animate_impact_text_duration":2}}},"block_order":["template--19262980751686__4c63e67d-9f2d-4021-9294-eeb2a982d529-1689632301967b3110-0"],"settings":{"full_width":true,"stack_mobile":true,"text_alignment":"center","impact_text_style":"fill","text_divider":"none","impact_text_size_ratio":1,"background":"","background_gradient":"","heading_text_color":"","heading_gradient":"linear-gradient(180deg, rgba(110, 114, 240, 1), rgba(66, 71, 228, 1) 100%)","text_color":"","button_background":"#f7f7f7","button_text_color":"#191818"}},"8a05123f-9d60-4fb1-92f2-3b9b77e78be5":{"type":"testimonials","blocks":{"template--17850614808841__8a05123f-9d60-4fb1-92f2-3b9b77e78be5-167836688318c8eebe-0":{"type":"testimonial","settings":{"image":"shopify:\/\/shop_images\/E-LXHiiYTdn_mid.jpg","round_avatar":true,"show_rating":true,"rating":4,"author":"Maria S.","title":"","content":"<p>Ich bin wirklich verliebt in diese wasserdichten Ohrstöpsel! Ich war ein wenig skeptisch, wie sie sich in meinen Ohren anfühlen würden, aber sie passen perfekt und sind so bequem. Jetzt kann ich während des Duschens meine Lieblingssongs hören. Vielen Dank dafür!<\/p>"}},"template--17850614808841__8a05123f-9d60-4fb1-92f2-3b9b77e78be5-167836688318c8eebe-1":{"type":"testimonial","settings":{"image":"shopify:\/\/shop_images\/wvWvW4-VMAr_mid.jpg","round_avatar":true,"show_rating":true,"rating":5,"author":"Josef U.","title":"","content":"<p>Sie klingen großartig und haben tatsächlich eine viel bessere Klangqualität als ich erwartet hatte. Ich würde sie auf jeden Fall jedem empfehlen, der auf der Suche nach einem guten Paar kabelloser Ohrhörer für die Dusche ist.<\/p>"}},"template--17850614808841__8a05123f-9d60-4fb1-92f2-3b9b77e78be5-167836688318c8eebe-2":{"type":"testimonial","settings":{"image":"shopify:\/\/shop_images\/5g1vawMyew0_mid.jpg","round_avatar":true,"show_rating":true,"rating":4,"author":"Karl A.","title":"","content":"<p>Ich liebe, liebe, liebe die hier! Man spürt die Dinger nicht einmal, wenn man sie anhat. Und lassen Sie mich nicht mit dem Duscherlebnis anfangen. Es ist wie ich bin in meiner eigenen kleinen Welt!!! Großartiges Qualitätsprodukt und erstaunlicher Kundenservice. Sie haben sich einen treuen Kunden verdient!<\/p>"}},"589b5f3a-95bd-4fa2-bb90-910f83f163e4":{"type":"testimonial","settings":{"image":"shopify:\/\/shop_images\/vHkaKsy5M_mid.jpg","round_avatar":true,"show_rating":true,"rating":4,"author":"Monika B.","title":"","content":"<p>Meine 16-jährige Tochter liebt sie. Ich musste ihr etwas besorgen, damit ich mir nicht den ganzen Tag lang ihre Musik anhören muss. Win-Win für alle.<\/p>"}},"24e3154e-0a73-48d8-81fe-9ca5d6970925":{"type":"testimonial","settings":{"image":"shopify:\/\/shop_images\/Gz-urDSWF_mid.jpg","round_avatar":true,"show_rating":true,"rating":4,"author":"Markus N.","title":"","content":"<p>Ich liebe, liebe, liebe die Ohrstöpsel! Ich bin ein großer Podcast-Fan und meine Ohren tun immer weh, wenn ich die Airpods über eine Stunde lang aufhabe. Man spürt die Dinger nicht einmal, wenn man sie auf hat. Und lassen Sie mich nicht mit dem Duscherlebnis anfangen. Es ist, als ob ich in meiner eigenen kleinen Welt wäre!!! Großartiges Qualitätsprodukt und erstaunlicher Kundenservice. Sie haben sich einen treuen Kunden moonelo verdient!<\/p>"}},"db80ee9c-8b6e-4e00-8a1b-edb98d51b101":{"type":"testimonial","settings":{"image":"shopify:\/\/shop_images\/Oreillettes-sans-fil-Bluetooth-pour-xiaomi-accessoires-de-t-l-phone-oreillettes-son-1-1-identiques.jpg_Q90.jpg__4.webp","round_avatar":true,"show_rating":true,"rating":4,"author":"Silvia C.","title":"","content":"<p>Sehr schneller Versand und in gutem Zustand, sehr gutes Produkt für den Preis, anständiger Klang, sehr bequem und leicht<\/p>"}}},"block_order":["template--17850614808841__8a05123f-9d60-4fb1-92f2-3b9b77e78be5-167836688318c8eebe-0","template--17850614808841__8a05123f-9d60-4fb1-92f2-3b9b77e78be5-167836688318c8eebe-1","template--17850614808841__8a05123f-9d60-4fb1-92f2-3b9b77e78be5-167836688318c8eebe-2","589b5f3a-95bd-4fa2-bb90-910f83f163e4","24e3154e-0a73-48d8-81fe-9ca5d6970925","db80ee9c-8b6e-4e00-8a1b-edb98d51b101"],"settings":{"full_width":true,"stack_testimonials":true,"subheading":"","title":"","content":"","link_url":"shopify:\/\/pages\/unsere-kundenmeinungen","link_text":"","background":"#ffffff","background_gradient":"","text_color":"#292929","heading_color":"#191818","heading_gradient":"","testimonial_card_background":"#6e72f0","testimonial_card_text_color":"#ffffff"}},"d04cb2aa-d1ed-4e3f-9f8b-753f356390f4":{"type":"impact-text","blocks":{"template--19262980751686__d04cb2aa-d1ed-4e3f-9f8b-753f356390f4-1689632301967b3110-0":{"type":"item","settings":{"title":"","subheading":"","content":"","button_text":"Alle Kundenmeinungen","button_url":"shopify:\/\/pages\/unsere-kundenmeinungen","animate_impact_text":false,"animate_impact_text_duration":2}}},"block_order":["template--19262980751686__d04cb2aa-d1ed-4e3f-9f8b-753f356390f4-1689632301967b3110-0"],"settings":{"full_width":true,"stack_mobile":true,"text_alignment":"center","impact_text_style":"fill","text_divider":"none","impact_text_size_ratio":1,"background":"","background_gradient":"","heading_text_color":"","heading_gradient":"","text_color":"","button_background":"#191818","button_text_color":""}},"f78cd676-55f2-4912-b2a7-13271e90a1d4":{"type":"accordion-content","blocks":{"template--19262980751686__f78cd676-55f2-4912-b2a7-13271e90a1d4-1689541351b1f6cbea-0":{"type":"item","settings":{"title":"Wie funktioniert die Knochenleitungstechnologie?","content":"<p>Knochenleitungs-Ohrhörer beruhen darauf, dass der Schall durch Vibrationen an den Kopf- und Kieferknochen übertragen wird. Der Klang dieser Kopfhörer umgeht das Trommelfell und leitet den Schall direkt an das Innenohr weiter, wodurch das Trommelfell vor den Schäden geschützt wird, die die meisten Kopfhörer verursachen.<\/p>"}},"template--19262980751686__f78cd676-55f2-4912-b2a7-13271e90a1d4-1689541351b1f6cbea-1":{"type":"item","settings":{"title":"Wie fühlen sich die Ohrstöpsel am Ohr an? Können sie herunterfallen?","content":"<p>Nein! Diese Ohrstöpsel sind so konzipiert, dass sie sich an der Ohrmuschel festhalten, damit sie nicht herunterfallen können. Sie werden die Showerbuds beim Tragen kaum spüren, denn sie sind leicht und knochenleitend.<\/p>"}},"template--19262980751686__f78cd676-55f2-4912-b2a7-13271e90a1d4-1689541351b1f6cbea-2":{"type":"item","settings":{"title":"Können sie mit iPhone und Android verbunden werden?","content":"<p>Ja! Die Ohrstöpsel funktionieren mit jedem Smartphone mit Bluetooth-Funktion.<\/p>"}},"3b693485-b4c0-4e48-8a00-89a7deb07ee0":{"type":"item","settings":{"title":"Können Sie Anrufe entgegennehmen?","content":"<p>Ja! Sie können Anrufe entgegennehmen und direkt mit dem integrierten Mikrofon der Showerbuds sprechen.<\/p>"}},"14e957b4-f397-4ec8-9384-d567ee8b01e4":{"type":"item","settings":{"title":"Geht der Akku dieser Ohrhörer schnell zur Neige?","content":"<p>Nein! Mit einer Musikdauer von 6 Stunden, die Sie zum Tanzen bringt, werden Sie sich nie Sorgen machen, dass unsere Ohrhörer Sie im Stich lassen.<\/p>"}},"1fd11a61-2dd1-4cd5-8800-3d1ddd1b7b95":{"type":"item","disabled":true,"settings":{"title":"Was passiert, wenn Wasser in den Lautsprechern stecken bleibt?","content":"<p>Write content to help your customers to better understand your products or policies.<\/p>"}}},"block_order":["template--19262980751686__f78cd676-55f2-4912-b2a7-13271e90a1d4-1689541351b1f6cbea-0","template--19262980751686__f78cd676-55f2-4912-b2a7-13271e90a1d4-1689541351b1f6cbea-1","template--19262980751686__f78cd676-55f2-4912-b2a7-13271e90a1d4-1689541351b1f6cbea-2","3b693485-b4c0-4e48-8a00-89a7deb07ee0","14e957b4-f397-4ec8-9384-d567ee8b01e4","1fd11a61-2dd1-4cd5-8800-3d1ddd1b7b95"],"settings":{"full_width":true,"subheading":"","title":"Häufig gestellte Fragen","content":"","button_text":"","button_url":"","text_position":"center","background":"#ffffff","background_gradient":"","text_color":"","heading_color":"","heading_gradient":"","button_background":"","button_text_color":"","accordion_background":"#ffffff","accordion_text_color":"#191818"}},"related-products":{"type":"related-products","disabled":true,"settings":{"recommendations_count":10,"products":[],"full_width":false,"stack_products":false,"show_progress_bar":true,"products_per_row_mobile":"2","products_per_row_desktop":5,"subheading":"","title":"You should like","content":"","background":"","background_gradient":"","text_color":"","heading_color":"","heading_gradient":"","product_card_background":"","product_card_text_color":""}},"alireviews-section-13315d0c-7881-48c4-99f8-8a1573bec5d5":{"type":"apps","settings":{}}},"order":["main","1c5f426a-27b7-47ca-b6f8-e3e8f9b4b114","8d000c07-b0ca-4f95-b0d3-595a52b2d203","95340b72-73ab-425d-9464-2d130b040aeb","385efe8e-bf2c-4bd7-bad5-db9dfa4a8b1f","bcc1e0a4-01de-4fc5-ac93-b5fb378c6d1e","74e9afc9-44c0-4d06-b3eb-cb4025fc4ab8","a9ee1872-e8aa-44e9-9d56-7836d13b8373","4c63e67d-9f2d-4021-9294-eeb2a982d529","8a05123f-9d60-4fb1-92f2-3b9b77e78be5","d04cb2aa-d1ed-4e3f-9f8b-753f356390f4","f78cd676-55f2-4912-b2a7-13271e90a1d4","related-products","alireviews-section-13315d0c-7881-48c4-99f8-8a1573bec5d5"]}