{"sections":{"main":{"type":"main-product","blocks":{"vendor":{"type":"vendor","settings":{}},"title":{"type":"title","settings":{}},"badges":{"type":"badges","settings":{}},"price":{"type":"price","settings":{}},"rating":{"type":"rating","settings":{}},"payment_terms":{"type":"payment_terms","settings":{}},"separator":{"type":"separator","settings":{}},"description":{"type":"description","settings":{}},"variant_picker":{"type":"variant_picker","settings":{}},"quantity_selector":{"type":"quantity_selector","settings":{}},"buy_buttons":{"type":"buy_buttons","settings":{}},"pickup_availability":{"type":"pickup_availability","settings":{}}},"block_order":["vendor","title","badges","price","rating","payment_terms","separator","description","variant_picker","quantity_selector","buy_buttons"],"settings":{}},"alireviews-section-d39e00ac-fc97-41fc-a285-ed93062d7b99":{"type":"apps","settings":{}}},"order":["main","alireviews-section-d39e00ac-fc97-41fc-a285-ed93062d7b99"]}