{"sections":{"main":{"type":"main-product","blocks":{"vendor":{"type":"vendor","disabled":true,"settings":{}},"title":{"type":"title","settings":{"heading_tag":"h1"}},"badges":{"type":"badges","disabled":true,"settings":{}},"price":{"type":"price","settings":{"show_taxes_notice":false,"show_klarna":true}},"rating":{"type":"rating","settings":{"show_empty":true}},"payment_terms":{"type":"payment_terms","settings":{}},"separator":{"type":"separator","disabled":true,"settings":{}},"462bb776-154d-4119-9416-c09dc2c17216":{"type":"image","disabled":true,"settings":{"alignment":"start","max_width":150}},"d1f5eed7-046a-46e3-a9f0-754b15db0a9e":{"type":"collapsible_text","disabled":true,"settings":{"title":"Title","content":"<p>Share some content to your customers about your products.<\/p>"}},"variant_picker":{"type":"variant_picker","settings":{"hide_sold_out_variants":false,"stack_blocks":true,"selector_mode":"block","color_mode":"block","size_chart_page":""}},"quantity_selector":{"type":"quantity_selector","settings":{}},"buy_buttons":{"type":"buy_buttons","settings":{"show_payment_button":true,"atc_button_background":"#faa6dc","atc_button_text_color":"#191818","payment_button_background":"","payment_button_text_color":""}},"6352f18c-6d7d-481a-9ccc-1dc3aad93f98":{"type":"offer","settings":{"text_alignment":"center","icon_position":"aligned","icon":"picto-box","icon_width":24,"title":"Free shipping","content":"<p>Take advantage of our discounts and free delivery<\/p>","background":"#faa6dc","text_color":"#131313"}},"description":{"type":"description","settings":{"collapse_content":false}},"110e8e77-abcf-4fd0-8932-67b6fc23e434":{"type":"share_buttons","disabled":true,"settings":{"alignment":"start"}},"83caeff0-0932-45ce-8de6-29e42991ed4d":{"type":"collapsible_text","disabled":true,"settings":{"title":"Title","content":"<p>Share some content to your customers about your products.<\/p>"}},"0f1efe2d-0c6f-4634-9d34-f12fad7af9b8":{"type":"associated_products","disabled":true,"settings":{"title":"Buy it with","stack_products":true,"products_count":5,"background":"","text_color":""}}},"block_order":["vendor","title","badges","price","rating","payment_terms","separator","462bb776-154d-4119-9416-c09dc2c17216","d1f5eed7-046a-46e3-a9f0-754b15db0a9e","variant_picker","quantity_selector","buy_buttons","6352f18c-6d7d-481a-9ccc-1dc3aad93f98","description","110e8e77-abcf-4fd0-8932-67b6fc23e434","83caeff0-0932-45ce-8de6-29e42991ed4d","0f1efe2d-0c6f-4634-9d34-f12fad7af9b8"],"settings":{"full_width":false,"show_fixed_add_to_cart":true,"desktop_media_width":55,"desktop_media_layout":"carousel_thumbnails_left","mobile_media_size":"expanded","mobile_carousel_control":"floating_dots","enable_video_autoplay":false,"enable_video_looping":true,"enable_image_zoom":true,"max_image_zoom_level":3,"background":"","background_gradient":"","text_color":"","input_background":"rgba(0,0,0,0)","input_text_color":""}},"1c5f426a-27b7-47ca-b6f8-e3e8f9b4b114":{"type":"rich-text","blocks":{"template--17863951647015__1c5f426a-27b7-47ca-b6f8-e3e8f9b4b114-1676393640469672d1-1":{"type":"heading","settings":{"text":"Bienvenue sur ShadyBox","heading_tag":"h1","text_color":"","gradient":"linear-gradient(167deg, rgba(145, 35, 33, 1), rgba(255, 255, 255, 1) 100%)"}},"template--17863951647015__1c5f426a-27b7-47ca-b6f8-e3e8f9b4b114-1676393640469672d1-2":{"type":"richtext","settings":{"content":"<p>Votre destination ultime pour la lingerie sexy et les jouets pour adultes. Explorez notre <strong>sélection exclusive<\/strong> de produits érotiques pour homme et femme, conçus pour vous aider à explorer <strong>votre sexualité<\/strong> et à pimenter votre vie amoureuse.<\/p><h2><\/h2>"}}},"block_order":["template--17863951647015__1c5f426a-27b7-47ca-b6f8-e3e8f9b4b114-1676393640469672d1-1","template--17863951647015__1c5f426a-27b7-47ca-b6f8-e3e8f9b4b114-1676393640469672d1-2"],"disabled":true,"settings":{"full_width":true,"content_width":"small","text_position":"center","background":"","background_gradient":"","text_color":""}},"8d000c07-b0ca-4f95-b0d3-595a52b2d203":{"type":"media-grid","blocks":{"template--17863951647015__8d000c07-b0ca-4f95-b0d3-595a52b2d203-1676393296da4152ac-0":{"type":"image","settings":{"title":"","heading_tag":"h4","link_url":"","link_text":"","mobile_text_position":"place-self-center text-center","desktop_column_span":1,"desktop_row_span":1,"desktop_text_position":"sm:place-self-center sm:text-center","background":"#000000","background_gradient":"","text_color":"#ffffff","text_gradient":"","button_background":"#000000","button_text_color":"#ffffff","overlay_color":"#000000","overlay_opacity":0}},"template--17863951647015__8d000c07-b0ca-4f95-b0d3-595a52b2d203-1676393296da4152ac-1":{"type":"image","settings":{"title":"","heading_tag":"h4","link_url":"","link_text":"","mobile_text_position":"place-self-center text-center","desktop_column_span":1,"desktop_row_span":1,"desktop_text_position":"sm:place-self-center sm:text-center","background":"#000000","background_gradient":"","text_color":"#ffffff","text_gradient":"","button_background":"#000000","button_text_color":"#ffffff","overlay_color":"#000000","overlay_opacity":0}},"template--17863951647015__8d000c07-b0ca-4f95-b0d3-595a52b2d203-1676393296da4152ac-2":{"type":"image","settings":{"title":"","heading_tag":"h4","link_url":"","link_text":"","mobile_text_position":"place-self-center text-center","desktop_column_span":1,"desktop_row_span":1,"desktop_text_position":"sm:place-self-center sm:text-center","background":"#000000","background_gradient":"","text_color":"#ffffff","text_gradient":"","button_background":"#000000","button_text_color":"#ffffff","overlay_color":"#000000","overlay_opacity":0}},"ba18a5d5-f069-49f8-aae8-ee7528760188":{"type":"image","settings":{"title":"","heading_tag":"h4","link_url":"","link_text":"","mobile_text_position":"place-self-center text-center","desktop_column_span":1,"desktop_row_span":1,"desktop_text_position":"sm:place-self-center sm:text-center","background":"#000000","background_gradient":"","text_color":"#ffffff","text_gradient":"","button_background":"#000000","button_text_color":"#ffffff","overlay_color":"#000000","overlay_opacity":0}}},"block_order":["template--17863951647015__8d000c07-b0ca-4f95-b0d3-595a52b2d203-1676393296da4152ac-0","template--17863951647015__8d000c07-b0ca-4f95-b0d3-595a52b2d203-1676393296da4152ac-1","template--17863951647015__8d000c07-b0ca-4f95-b0d3-595a52b2d203-1676393296da4152ac-2","ba18a5d5-f069-49f8-aae8-ee7528760188"],"disabled":true,"settings":{"full_width":true,"reduce_width":false,"desktop_row_height":290,"mobile_row_height":150,"background":"#ffffff","background_gradient":""}},"a9ee1872-e8aa-44e9-9d56-7836d13b8373":{"type":"slideshow","blocks":{"template--17863951647015__a9ee1872-e8aa-44e9-9d56-7836d13b8373-16763939530689c9e2-0":{"type":"image","settings":{"content_max_width":560,"mobile_text_position":"place-self-center text-center","desktop_text_position":"sm:place-self-center sm:text-center","subheading":"","title":"","heading_tag":"h0","button_text":"","button_link":"","text_color":"#ffffff","button_background":"#ffffff","button_text_color":"#000000","overlay_color":"#000000","overlay_opacity":0,"background":"","background_gradient":""}}},"block_order":["template--17863951647015__a9ee1872-e8aa-44e9-9d56-7836d13b8373-16763939530689c9e2-0"],"disabled":true,"settings":{"full_width":true,"allow_transparent_header":true,"image_size":"auto","controls_type":"dots","transition_type":"fade_with_text","autoplay":false,"cycle_speed":6,"background":"#f2f2f2","background_gradient":""}},"8a05123f-9d60-4fb1-92f2-3b9b77e78be5":{"type":"testimonials","blocks":{"template--17850614808841__8a05123f-9d60-4fb1-92f2-3b9b77e78be5-167836688318c8eebe-0":{"type":"testimonial","settings":{"round_avatar":true,"show_rating":true,"rating":4,"author":"Cindy","title":"","content":"<p>I'm in love with this heatless hair curler! It's so easy to use and gives me gorgeous, bouncy curls that last all day. I can't imagine going back to using a curling iron.<\/p>"}},"template--17850614808841__8a05123f-9d60-4fb1-92f2-3b9b77e78be5-167836688318c8eebe-1":{"type":"testimonial","settings":{"round_avatar":true,"show_rating":true,"rating":5,"author":"Marie U.","title":"","content":"<p>I have really thick, stubborn hair that doesn't hold curls well, but this heatless hair curler has changed everything! My curls come out perfect every time and they stay in place all day.<\/p>"}},"template--17850614808841__8a05123f-9d60-4fb1-92f2-3b9b77e78be5-167836688318c8eebe-2":{"type":"testimonial","settings":{"round_avatar":true,"show_rating":true,"rating":4,"author":"Joshua A.","title":"","content":"<p>WOW! Just WOW! I've tried so many false lashes over the years, but EllaBeauty's are simply the best. The quality, the comfort, the way they seamlessly blend with my natural lashes - everything is top notch!<\/p>"}},"589b5f3a-95bd-4fa2-bb90-910f83f163e4":{"type":"testimonial","settings":{"round_avatar":true,"show_rating":true,"rating":4,"author":"Marine B.","title":"","content":"<p>As a professional makeup artist, I've tried almost every brand on the market and I must say, EllaBeauty is really impressive. Their lashes are comfortable, easy to apply and they look stunningly natural. I get compliments all the time!<\/p>"}}},"block_order":["template--17850614808841__8a05123f-9d60-4fb1-92f2-3b9b77e78be5-167836688318c8eebe-0","template--17850614808841__8a05123f-9d60-4fb1-92f2-3b9b77e78be5-167836688318c8eebe-1","template--17850614808841__8a05123f-9d60-4fb1-92f2-3b9b77e78be5-167836688318c8eebe-2","589b5f3a-95bd-4fa2-bb90-910f83f163e4"],"settings":{"full_width":true,"stack_testimonials":false,"subheading":"","title":"Some customer reviews 4,8\/5","content":"","link_url":"","link_text":"","background":"#ffffff","background_gradient":"","text_color":"#292929","heading_color":"#ffffff","heading_gradient":"","testimonial_card_background":"#faa6dc","testimonial_card_text_color":"#ffffff"}},"related-products":{"type":"related-products","settings":{"recommendations_count":10,"products":[],"full_width":false,"stack_products":false,"show_progress_bar":true,"products_per_row_mobile":"2","products_per_row_desktop":5,"subheading":"","title":"You should like","content":"","background":"","background_gradient":"","text_color":"","heading_color":"","heading_gradient":"","product_card_background":"","product_card_text_color":""}},"95340b72-73ab-425d-9464-2d130b040aeb":{"type":"media-with-text","blocks":{"template--17850614808841__95340b72-73ab-425d-9464-2d130b040aeb-167836686062191866-0":{"type":"image","settings":{"media_width":50,"media_position":"start","text_position":"place-self-center text-center","icon":"none","icon_width":48,"subheading":"","title":"Sensualité","content":"<p>Découvrez une toute nouvelle dimension de plaisir et de sensualité avec ShadyBox. Notre collection exclusive de lingerie sexy et de jouets pour adultes est conçue pour satisfaire tous vos désirs les plus profonds. De la dentelle luxueuse aux accessoires BDSM de qualité supérieure, nous avons tout ce dont vous avez besoin pour éveiller vos sens et pimenter votre vie amoureuse.<\/p>","link_text":"","link_url":"","background":"#f7f7f7","background_gradient":"","text_color":"#131313","text_gradient":"","button_background":"","button_text_color":""}}},"block_order":["template--17850614808841__95340b72-73ab-425d-9464-2d130b040aeb-167836686062191866-0"],"disabled":true,"settings":{"full_width":false,"enable_parallax":true,"spacing":"small"}},"385efe8e-bf2c-4bd7-bad5-db9dfa4a8b1f":{"type":"media-with-text","blocks":{"template--17850614808841__385efe8e-bf2c-4bd7-bad5-db9dfa4a8b1f-167836686062191866-0":{"type":"image","settings":{"media_width":50,"media_position":"end","text_position":"place-self-center text-center","icon":"none","icon_width":48,"subheading":"","title":"Discrétion","content":"<p>Chez ShadyBox, nous comprenons que la discrétion est essentielle pour de nombreux clients. C'est pourquoi nous offrons une livraison discrète pour toutes les commandes, sans aucune indication sur le contenu de votre colis. Vous pouvez être sûr que votre vie privée est protégée avec ShadyBox. En plus de cela, notre sélection de produits érotiques de qualité supérieure est conçue pour garantir votre plaisir et votre sécurité. Commandez dès maintenant en toute confiance.<\/p>","link_text":"","link_url":"","background":"#f7f7f7","background_gradient":"","text_color":"#131313","text_gradient":"","button_background":"","button_text_color":""}}},"block_order":["template--17850614808841__385efe8e-bf2c-4bd7-bad5-db9dfa4a8b1f-167836686062191866-0"],"disabled":true,"settings":{"full_width":false,"enable_parallax":true,"spacing":"small"}},"bcc1e0a4-01de-4fc5-ac93-b5fb378c6d1e":{"type":"media-with-text","blocks":{"template--17850614808841__bcc1e0a4-01de-4fc5-ac93-b5fb378c6d1e-167836686062191866-0":{"type":"image","settings":{"media_width":50,"media_position":"start","text_position":"place-self-center text-center","icon":"none","icon_width":48,"subheading":"","title":"Plaisir","content":"<p>Offrez à votre partenaire un cadeau qu'il ou elle n'oubliera jamais avec ShadyBox. Notre sélection de lingerie sexy et de jouets pour adultes est conçue pour pimenter votre vie amoureuse et vous aider à explorer votre sensualité ensemble. Que vous cherchiez à ajouter un peu de piquant à votre vie sexuelle ou à surprendre votre partenaire avec un cadeau sexy, ShadyBox a tout ce dont vous avez besoin.<\/p>","link_text":"","link_url":"","background":"#f7f7f7","background_gradient":"","text_color":"#131313","text_gradient":"","button_background":"","button_text_color":""}}},"block_order":["template--17850614808841__bcc1e0a4-01de-4fc5-ac93-b5fb378c6d1e-167836686062191866-0"],"disabled":true,"settings":{"full_width":false,"enable_parallax":true,"spacing":"small"}},"alireviews-section-61b9cb50-d0eb-4746-9aa2-38e9c56c37ee":{"type":"apps","settings":{"full_width":true,"remove_vertical_spacing":false,"remove_horizontal_spacing":false,"background":"","background_gradient":"","text_color":"","enable_review_integration":true,"review_header_gradient":"linear-gradient(135deg, #FFC266 0%, #FFA31A 100%)","review_header_text_color":"#000000","review_button_background":"#000000","review_button_text_color":"#ffffff"}}},"order":["main","1c5f426a-27b7-47ca-b6f8-e3e8f9b4b114","8d000c07-b0ca-4f95-b0d3-595a52b2d203","a9ee1872-e8aa-44e9-9d56-7836d13b8373","8a05123f-9d60-4fb1-92f2-3b9b77e78be5","related-products","95340b72-73ab-425d-9464-2d130b040aeb","385efe8e-bf2c-4bd7-bad5-db9dfa4a8b1f","bcc1e0a4-01de-4fc5-ac93-b5fb378c6d1e","alireviews-section-61b9cb50-d0eb-4746-9aa2-38e9c56c37ee"]}