{"sections":{"main":{"type":"main-product","blocks":{"vendor":{"type":"vendor","settings":{}},"title":{"type":"title","settings":{"heading_tag":"h2"}},"badges":{"type":"badges","settings":{}},"price":{"type":"price","settings":{"show_taxes_notice":false}},"rating":{"type":"rating","settings":{"show_empty":false}},"payment_terms":{"type":"payment_terms","settings":{}},"separator":{"type":"separator","settings":{}},"description":{"type":"description","settings":{"collapse_content":false}},"variant_picker":{"type":"variant_picker","settings":{"hide_sold_out_variants":false,"stack_blocks":true,"selector_mode":"block","color_mode":"color","size_chart_page":""}},"quantity_selector":{"type":"quantity_selector","settings":{}},"buy_buttons":{"type":"buy_buttons","settings":{"show_payment_button":false,"atc_button_background":"#33463a","atc_button_text_color":"","payment_button_background":"","payment_button_text_color":""}}},"block_order":["vendor","title","badges","price","rating","payment_terms","separator","description","variant_picker","quantity_selector","buy_buttons"],"settings":{"full_width":true,"show_fixed_add_to_cart":true,"desktop_media_width":55,"desktop_media_layout":"carousel_thumbnails_left","mobile_media_size":"expanded","mobile_carousel_control":"floating_dots","enable_video_autoplay":false,"enable_video_looping":true,"enable_image_zoom":true,"max_image_zoom_level":3,"background":"","background_gradient":"","text_color":"","input_background":"rgba(0,0,0,0)","input_text_color":""}},"1c5f426a-27b7-47ca-b6f8-e3e8f9b4b114":{"type":"rich-text","blocks":{"template--17863951647015__1c5f426a-27b7-47ca-b6f8-e3e8f9b4b114-1676393640469672d1-1":{"type":"heading","settings":{"text":"C'est VOUS le PATRON !","heading_tag":"h3","text_color":"","gradient":""}},"template--17863951647015__1c5f426a-27b7-47ca-b6f8-e3e8f9b4b114-1676393640469672d1-2":{"type":"richtext","settings":{"content":"<p>Doté de plusieurs zones de soutiens, de zones de renforts et zones moles, vous êtes aux manettes.<\/p><p>En fonction du placement de votre dos, de vos épaules ou enocre de vos lombaires, il s'adapte en fonction de votre morphologie.<\/p>"}}},"block_order":["template--17863951647015__1c5f426a-27b7-47ca-b6f8-e3e8f9b4b114-1676393640469672d1-1","template--17863951647015__1c5f426a-27b7-47ca-b6f8-e3e8f9b4b114-1676393640469672d1-2"],"settings":{"full_width":true,"content_width":"small","text_position":"center","background":"","background_gradient":"","text_color":""}},"8d000c07-b0ca-4f95-b0d3-595a52b2d203":{"type":"media-grid","blocks":{"template--17863951647015__8d000c07-b0ca-4f95-b0d3-595a52b2d203-1676393296da4152ac-0":{"type":"image","settings":{"image":"shopify:\/\/shop_images\/Capture_d_ecran_2023-02-14_a_17.48.05.png","title":"","heading_tag":"h4","link_url":"","link_text":"","mobile_text_position":"place-self-center text-center","desktop_column_span":1,"desktop_row_span":1,"desktop_text_position":"sm:place-self-center sm:text-center","background":"#000000","background_gradient":"","text_color":"#ffffff","text_gradient":"","button_background":"#000000","button_text_color":"#ffffff","overlay_color":"#000000","overlay_opacity":0}},"template--17863951647015__8d000c07-b0ca-4f95-b0d3-595a52b2d203-1676393296da4152ac-1":{"type":"image","settings":{"image":"shopify:\/\/shop_images\/Capture_d_ecran_2023-02-14_a_17.48.00.png","title":"","heading_tag":"h4","link_url":"","link_text":"","mobile_text_position":"place-self-center text-center","desktop_column_span":1,"desktop_row_span":1,"desktop_text_position":"sm:place-self-center sm:text-center","background":"#000000","background_gradient":"","text_color":"#ffffff","text_gradient":"","button_background":"#000000","button_text_color":"#ffffff","overlay_color":"#000000","overlay_opacity":0}},"template--17863951647015__8d000c07-b0ca-4f95-b0d3-595a52b2d203-1676393296da4152ac-2":{"type":"image","settings":{"image":"shopify:\/\/shop_images\/Capture_d_ecran_2023-02-14_a_17.47.49.png","title":"","heading_tag":"h4","link_url":"","link_text":"","mobile_text_position":"place-self-center text-center","desktop_column_span":1,"desktop_row_span":1,"desktop_text_position":"sm:place-self-center sm:text-center","background":"#000000","background_gradient":"","text_color":"#ffffff","text_gradient":"","button_background":"#000000","button_text_color":"#ffffff","overlay_color":"#000000","overlay_opacity":0}},"ba18a5d5-f069-49f8-aae8-ee7528760188":{"type":"image","settings":{"image":"shopify:\/\/shop_images\/Capture_d_ecran_2023-02-14_a_17.47.43.png","title":"","heading_tag":"h4","link_url":"","link_text":"","mobile_text_position":"place-self-center text-center","desktop_column_span":1,"desktop_row_span":1,"desktop_text_position":"sm:place-self-center sm:text-center","background":"#000000","background_gradient":"","text_color":"#ffffff","text_gradient":"","button_background":"#000000","button_text_color":"#ffffff","overlay_color":"#000000","overlay_opacity":0}}},"block_order":["template--17863951647015__8d000c07-b0ca-4f95-b0d3-595a52b2d203-1676393296da4152ac-0","template--17863951647015__8d000c07-b0ca-4f95-b0d3-595a52b2d203-1676393296da4152ac-1","template--17863951647015__8d000c07-b0ca-4f95-b0d3-595a52b2d203-1676393296da4152ac-2","ba18a5d5-f069-49f8-aae8-ee7528760188"],"settings":{"full_width":true,"reduce_width":false,"desktop_row_height":290,"mobile_row_height":150,"background":"#ffffff","background_gradient":""}},"a9ee1872-e8aa-44e9-9d56-7836d13b8373":{"type":"slideshow","blocks":{"template--17863951647015__a9ee1872-e8aa-44e9-9d56-7836d13b8373-16763939530689c9e2-0":{"type":"image","settings":{"image":"shopify:\/\/shop_images\/Capture_d_ecran_2023-02-14_a_18.00.45.png","mobile_image":"shopify:\/\/shop_images\/Capture_d_ecran_2023-02-14_a_18.00.45.png","content_max_width":560,"mobile_text_position":"place-self-center text-center","desktop_text_position":"sm:place-self-center sm:text-center","subheading":"","title":"","heading_tag":"h0","button_text":"","button_link":"","text_color":"#ffffff","button_background":"#ffffff","button_text_color":"#000000","overlay_color":"#000000","overlay_opacity":0,"background":"","background_gradient":""}}},"block_order":["template--17863951647015__a9ee1872-e8aa-44e9-9d56-7836d13b8373-16763939530689c9e2-0"],"settings":{"full_width":true,"allow_transparent_header":true,"image_size":"auto","controls_type":"dots","transition_type":"fade_with_text","autoplay":false,"cycle_speed":6,"background":"#F2F2F2","background_gradient":""}},"related-products":{"type":"related-products","settings":{"recommendations_count":2,"products":[],"full_width":true,"stack_products":true,"show_progress_bar":false,"products_per_row_mobile":"2","products_per_row_desktop":2,"subheading":"","title":"Vous devriez aimer","content":"","background":"","background_gradient":"","text_color":"","heading_color":"","heading_gradient":"","product_card_background":"","product_card_text_color":""}},"alireviews-section-a0f0f45b-5a08-4539-8bea-e7654587b74a":{"type":"apps","settings":{}}},"order":["main","1c5f426a-27b7-47ca-b6f8-e3e8f9b4b114","8d000c07-b0ca-4f95-b0d3-595a52b2d203","a9ee1872-e8aa-44e9-9d56-7836d13b8373","related-products","alireviews-section-a0f0f45b-5a08-4539-8bea-e7654587b74a"]}