{"sections":{"main":{"type":"main-product","blocks":{"vendor":{"type":"vendor","disabled":true,"settings":{}},"title":{"type":"title","settings":{"heading_tag":"h1"}},"badges":{"type":"badges","disabled":true,"settings":{}},"price":{"type":"price","settings":{"show_taxes_notice":false,"show_klarna":true}},"rating":{"type":"rating","disabled":true,"settings":{"show_empty":true}},"payment_terms":{"type":"payment_terms","settings":{}},"separator":{"type":"separator","disabled":true,"settings":{}},"462bb776-154d-4119-9416-c09dc2c17216":{"type":"image","disabled":true,"settings":{"alignment":"start","max_width":150}},"d1f5eed7-046a-46e3-a9f0-754b15db0a9e":{"type":"collapsible_text","disabled":true,"settings":{"title":"Title","content":"<p>Share some content to your customers about your products.<\/p>"}},"variant_picker":{"type":"variant_picker","settings":{"hide_sold_out_variants":false,"stack_blocks":true,"selector_mode":"block","color_mode":"block","size_chart_page":""}},"quantity_selector":{"type":"quantity_selector","disabled":true,"settings":{}},"6352f18c-6d7d-481a-9ccc-1dc3aad93f98":{"type":"offer","settings":{"text_alignment":"start","icon_position":"aligned","icon":"picto-star","custom_icon":"shopify:\/\/shop_images\/valide.png","icon_width":24,"title":"Lebenslange Garantie","content":"","background":"#f7f7f7","text_color":"#131313"}},"b4bd8f4f-6ff3-40eb-a89d-dcef4a66d940":{"type":"offer","settings":{"text_alignment":"start","icon_position":"aligned","icon":"picto-coupon","custom_icon":"shopify:\/\/shop_images\/valide.png","icon_width":24,"title":"60 Tage Probezeit","content":"","background":"#f7f7f7","text_color":"#191818"}},"buy_buttons":{"type":"buy_buttons","settings":{"show_payment_button":false,"atc_button_background":"#faa6dc","atc_button_text_color":"#ffffff","icon":"shopify:\/\/shop_images\/tap.png","payment_button_background":"","payment_button_text_color":""}},"1c7a1f73-9cc4-4528-bff2-f765ae58ae66":{"type":"image","settings":{"alignment":"center","max_width":240}},"description":{"type":"description","settings":{"collapse_content":false}},"110e8e77-abcf-4fd0-8932-67b6fc23e434":{"type":"share_buttons","disabled":true,"settings":{"alignment":"start"}},"83caeff0-0932-45ce-8de6-29e42991ed4d":{"type":"collapsible_text","disabled":true,"settings":{"title":"Title","content":"<p>Share some content to your customers about your products.<\/p>"}},"0f1efe2d-0c6f-4634-9d34-f12fad7af9b8":{"type":"associated_products","disabled":true,"settings":{"title":"Buy it with","stack_products":true,"products_count":5,"background":"","text_color":""}},"259e1f71-acde-488e-bffd-0e08c570949f":{"type":"collapsible_text","settings":{"title":"Lebenslange Garantie","content":"<p>Premium-Qualität, bedingungslose Garantie. Tritt in 10 Jahren ein Herstellungsfehler oder ein qualitätsbezogenes Problem auf? Wir reparieren oder ersetzen Ihren Rucksack ohne zusätzliche Kosten.<\/p>"}},"a3abd7ce-f614-48de-b4e2-ea837de51d20":{"type":"collapsible_text","settings":{"title":"60 Tage Probe & kostenlose Rücksendung","content":"<p>Wenn Sie aus irgendeinem Grund nicht vollständig mit Ihrem Kauf zufrieden sind, schicken Sie ihn innerhalb von 60 Tagen an uns zurück und wir erstatten Ihnen ohne weitere Fragen den vollen Kaufpreis zurück. Wir übernehmen auch die Kosten für die Rücksendung.<\/p>"}},"c63ca962-abac-4a97-b2ae-98892699e644":{"type":"collapsible_text","settings":{"title":"Informationen zur Lieferung","content":"<p>Alle Bestellungen, die vor 12 Uhr eingehen, werden noch am selben Tag versandt. Sie werden innerhalb von 5 bis 7 Tagen kostenlos bis an Ihre Haustür geliefert.<\/p>"}},"d8d9913d-2c5a-417d-b2bb-608c4cb47786":{"type":"collapsible_text","settings":{"title":"Funktionen","content":"<p><strong>Erweiterbare Tasche 20-35 Liter<br\/>Vorhängeschloss mit diebstahlsicherem Code<br\/>180-Grad-Öffnung<br\/>Externer USB-Anschluss mit integriertem internem Adapter<br\/>Wasserdicht<br\/>13 verschiedene Fächer<br\/>Extra weich gepolsterte Schultergurte und Rückenkissen<br\/>Befestigungsgurt für Koffer<br\/>Taschen für 17-Zoll-Computer und 10-Zoll-Tablet<br\/>Stoßfeste Schale<br\/>Versteckte Rückentaschen<br\/>Taschen am Schultergurt für Karten<br\/>Externe Tasche für Wasserflasche<br\/>Komprimierendes Netz<\/strong><\/p>"}}},"block_order":["vendor","title","badges","price","rating","payment_terms","separator","462bb776-154d-4119-9416-c09dc2c17216","d1f5eed7-046a-46e3-a9f0-754b15db0a9e","variant_picker","quantity_selector","6352f18c-6d7d-481a-9ccc-1dc3aad93f98","b4bd8f4f-6ff3-40eb-a89d-dcef4a66d940","buy_buttons","1c7a1f73-9cc4-4528-bff2-f765ae58ae66","description","110e8e77-abcf-4fd0-8932-67b6fc23e434","83caeff0-0932-45ce-8de6-29e42991ed4d","0f1efe2d-0c6f-4634-9d34-f12fad7af9b8","259e1f71-acde-488e-bffd-0e08c570949f","a3abd7ce-f614-48de-b4e2-ea837de51d20","c63ca962-abac-4a97-b2ae-98892699e644","d8d9913d-2c5a-417d-b2bb-608c4cb47786"],"settings":{"full_width":false,"show_fixed_add_to_cart":true,"desktop_media_width":55,"desktop_media_layout":"carousel_thumbnails_left","mobile_media_size":"expanded","mobile_carousel_control":"dots","enable_video_autoplay":false,"enable_video_looping":true,"enable_image_zoom":true,"max_image_zoom_level":3,"background":"","background_gradient":"","text_color":"","input_background":"rgba(0,0,0,0)","input_text_color":""}},"1c5f426a-27b7-47ca-b6f8-e3e8f9b4b114":{"type":"rich-text","blocks":{"template--17863951647015__1c5f426a-27b7-47ca-b6f8-e3e8f9b4b114-1676393640469672d1-1":{"type":"heading","settings":{"text":"Bienvenue sur ShadyBox","heading_tag":"h1","text_color":"","gradient":"linear-gradient(167deg, rgba(145, 35, 33, 1), rgba(255, 255, 255, 1) 100%)"}},"template--17863951647015__1c5f426a-27b7-47ca-b6f8-e3e8f9b4b114-1676393640469672d1-2":{"type":"richtext","settings":{"content":"<p>Votre destination ultime pour la lingerie sexy et les jouets pour adultes. Explorez notre <strong>sélection exclusive<\/strong> de produits érotiques pour homme et femme, conçus pour vous aider à explorer <strong>votre sexualité<\/strong> et à pimenter votre vie amoureuse.<\/p><h2><\/h2>"}}},"block_order":["template--17863951647015__1c5f426a-27b7-47ca-b6f8-e3e8f9b4b114-1676393640469672d1-1","template--17863951647015__1c5f426a-27b7-47ca-b6f8-e3e8f9b4b114-1676393640469672d1-2"],"disabled":true,"settings":{"full_width":true,"content_width":"small","text_position":"center","background":"","background_gradient":"","text_color":""}},"8d000c07-b0ca-4f95-b0d3-595a52b2d203":{"type":"media-grid","blocks":{"template--17863951647015__8d000c07-b0ca-4f95-b0d3-595a52b2d203-1676393296da4152ac-0":{"type":"image","settings":{"title":"","heading_tag":"h4","link_url":"","link_text":"","mobile_text_position":"place-self-center text-center","desktop_column_span":1,"desktop_row_span":1,"desktop_text_position":"sm:place-self-center sm:text-center","background":"#000000","background_gradient":"","text_color":"#ffffff","text_gradient":"","button_background":"#000000","button_text_color":"#ffffff","overlay_color":"#000000","overlay_opacity":0}},"template--17863951647015__8d000c07-b0ca-4f95-b0d3-595a52b2d203-1676393296da4152ac-1":{"type":"image","settings":{"title":"","heading_tag":"h4","link_url":"","link_text":"","mobile_text_position":"place-self-center text-center","desktop_column_span":1,"desktop_row_span":1,"desktop_text_position":"sm:place-self-center sm:text-center","background":"#000000","background_gradient":"","text_color":"#ffffff","text_gradient":"","button_background":"#000000","button_text_color":"#ffffff","overlay_color":"#000000","overlay_opacity":0}},"template--17863951647015__8d000c07-b0ca-4f95-b0d3-595a52b2d203-1676393296da4152ac-2":{"type":"image","settings":{"title":"","heading_tag":"h4","link_url":"","link_text":"","mobile_text_position":"place-self-center text-center","desktop_column_span":1,"desktop_row_span":1,"desktop_text_position":"sm:place-self-center sm:text-center","background":"#000000","background_gradient":"","text_color":"#ffffff","text_gradient":"","button_background":"#000000","button_text_color":"#ffffff","overlay_color":"#000000","overlay_opacity":0}},"ba18a5d5-f069-49f8-aae8-ee7528760188":{"type":"image","settings":{"title":"","heading_tag":"h4","link_url":"","link_text":"","mobile_text_position":"place-self-center text-center","desktop_column_span":1,"desktop_row_span":1,"desktop_text_position":"sm:place-self-center sm:text-center","background":"#000000","background_gradient":"","text_color":"#ffffff","text_gradient":"","button_background":"#000000","button_text_color":"#ffffff","overlay_color":"#000000","overlay_opacity":0}}},"block_order":["template--17863951647015__8d000c07-b0ca-4f95-b0d3-595a52b2d203-1676393296da4152ac-0","template--17863951647015__8d000c07-b0ca-4f95-b0d3-595a52b2d203-1676393296da4152ac-1","template--17863951647015__8d000c07-b0ca-4f95-b0d3-595a52b2d203-1676393296da4152ac-2","ba18a5d5-f069-49f8-aae8-ee7528760188"],"disabled":true,"settings":{"full_width":true,"reduce_width":false,"desktop_row_height":290,"mobile_row_height":150,"background":"#ffffff","background_gradient":""}},"95340b72-73ab-425d-9464-2d130b040aeb":{"type":"media-with-text","blocks":{"template--17850614808841__95340b72-73ab-425d-9464-2d130b040aeb-167836686062191866-0":{"type":"image","settings":{"media_width":50,"media_position":"start","text_position":"place-self-center text-center","icon":"none","icon_width":44,"subheading":"","title":"nehmen Sie alles mit, was Sie brauchen.","content":"<p>Unser Rucksack hat ein großes, verstellbares Fassungsvermögen von <strong>20 bis 35 Litern<\/strong> und 9 kompakte Fächer, in denen du alles, was du brauchst, ohne Einschränkungen unterbringen kannst. <strong>Sie können<\/strong> 3 T-Shirts, 3 Hemden, 3 Hosen, 3 Slips, 3 Paar Socken, eine Kosmetiktasche, 1 Computer, 1 iPad, 1 Buch und Ihre persönlichen Essentials unterbringen. <strong>Und das<\/strong> alles auf eine organisierte Art und Weise.<\/p>","link_text":"","link_url":"","background":"#ffffff","background_gradient":"","text_color":"#131313","text_gradient":"","button_background":"","button_text_color":""}}},"block_order":["template--17850614808841__95340b72-73ab-425d-9464-2d130b040aeb-167836686062191866-0"],"settings":{"full_width":false,"enable_parallax":false,"spacing":"small"}},"385efe8e-bf2c-4bd7-bad5-db9dfa4a8b1f":{"type":"media-with-text","blocks":{"template--17850614808841__385efe8e-bf2c-4bd7-bad5-db9dfa4a8b1f-167836686062191866-0":{"type":"image","settings":{"media_width":50,"media_position":"end","text_position":"place-self-center text-center","icon":"none","icon_width":44,"subheading":"","title":"Wenn Funktionalität auf Stil trifft","content":"<p>Chez ShadyBox, nous comprenons que la discrétion est essentielle pour de nombreux clients. C'est pourquoi nous offrons une livraison discrète pour toutes les commandes, sans aucune indication sur le contenu de votre colis. Vous pouvez être sûr que votre vie privée est protégée avec ShadyBox. En plus de cela, notre sélection de produits érotiques de qualité supérieure est conçue pour garantir votre plaisir et votre sécurité. Commandez dès maintenant en toute confiance.<\/p>","link_text":"","link_url":"","background":"#faa6dc","background_gradient":"","text_color":"#ffffff","text_gradient":"","button_background":"","button_text_color":""}}},"block_order":["template--17850614808841__385efe8e-bf2c-4bd7-bad5-db9dfa4a8b1f-167836686062191866-0"],"settings":{"full_width":true,"enable_parallax":false,"spacing":"none"}},"bcc1e0a4-01de-4fc5-ac93-b5fb378c6d1e":{"type":"media-with-text","blocks":{"template--17850614808841__bcc1e0a4-01de-4fc5-ac93-b5fb378c6d1e-167836686062191866-0":{"type":"image","settings":{"media_width":50,"media_position":"start","text_position":"place-self-center text-center","icon":"none","icon_width":48,"subheading":"","title":"Ihnen wird nie wieder der Akku ausgehen!","content":"<p>Es gibt einen externen <strong>USB-Anschluss<\/strong> und einen internen Adapter, sodass Sie Ihre Geräte ganz einfach aufladen können und sie dabei <strong>immer griffbereit haben. <\/strong>Bewegen Sie sich frei, ohne daran zu denken, dass am Ende des Tages der Akku leer ist!<\/p>","link_text":"","link_url":"","background":"#ffffff","background_gradient":"","text_color":"#131313","text_gradient":"","button_background":"","button_text_color":""}}},"block_order":["template--17850614808841__bcc1e0a4-01de-4fc5-ac93-b5fb378c6d1e-167836686062191866-0"],"settings":{"full_width":false,"enable_parallax":false,"spacing":"small"}},"74e9afc9-44c0-4d06-b3eb-cb4025fc4ab8":{"type":"media-with-text","blocks":{"template--19262980751686__74e9afc9-44c0-4d06-b3eb-cb4025fc4ab8-168953962523a23b80-0":{"type":"image","settings":{"media_width":50,"media_position":"end","text_position":"place-self-center text-center","icon":"none","icon_width":48,"subheading":"","title":"Außergewöhnliche Qualität","content":"<p>Wir haben keine Kompromisse bei der Qualität gemacht, um dir einen zuverlässigen Begleiter zu bieten, der dich <strong>jahrelang begleiten wird<\/strong>. Um sicherzustellen, dass deine Lieblingsgegenstände geschützt sind, haben wir die Materialien <strong>PC & ABS in einem speziellen<\/strong> Verhältnis ausgewählt und gemischt, um einen Rucksack zu erhalten, der stoßfest, reißfest, aber auch <strong>feuchtigkeitsbeständig ist.<\/strong><\/p>","link_text":"","link_url":"","background":"#000000","background_gradient":"","text_color":"#ffffff","text_gradient":"","button_background":"","button_text_color":""}}},"block_order":["template--19262980751686__74e9afc9-44c0-4d06-b3eb-cb4025fc4ab8-168953962523a23b80-0"],"settings":{"full_width":true,"enable_parallax":false,"spacing":"none"}},"a9ee1872-e8aa-44e9-9d56-7836d13b8373":{"type":"slideshow","blocks":{"template--17863951647015__a9ee1872-e8aa-44e9-9d56-7836d13b8373-16763939530689c9e2-0":{"type":"image","settings":{"content_max_width":560,"mobile_text_position":"place-self-center text-center","desktop_text_position":"sm:place-self-center sm:text-center","subheading":"","title":"","heading_tag":"h0","button_text":"","button_link":"","text_color":"#ffffff","button_background":"#ffffff","button_text_color":"#000000","overlay_color":"#000000","overlay_opacity":0,"background":"","background_gradient":""}}},"block_order":["template--17863951647015__a9ee1872-e8aa-44e9-9d56-7836d13b8373-16763939530689c9e2-0"],"disabled":true,"settings":{"full_width":true,"allow_transparent_header":true,"image_size":"auto","controls_type":"dots","transition_type":"fade_with_text","autoplay":false,"cycle_speed":6,"background":"#f2f2f2","background_gradient":""}},"8a05123f-9d60-4fb1-92f2-3b9b77e78be5":{"type":"testimonials","blocks":{"template--17850614808841__8a05123f-9d60-4fb1-92f2-3b9b77e78be5-167836688318c8eebe-0":{"type":"testimonial","settings":{"round_avatar":true,"show_rating":true,"rating":4,"author":"Maria S.","title":"","content":"<p>Ein ausgezeichneter Rucksack! Er ist sehr stoßfest und die Fächer sind viel größer, als ich erwartet hatte. Ich bin begeistert!<\/p>"}},"template--17850614808841__8a05123f-9d60-4fb1-92f2-3b9b77e78be5-167836688318c8eebe-1":{"type":"testimonial","settings":{"round_avatar":true,"show_rating":true,"rating":5,"author":"Josef U.","title":"","content":"<p>Schon seit mehreren Monaten benutze ich es jeden Tag und es sieht immer noch genauso aus! Man sieht sofort, dass es sich um ein Qualitätsprodukt handelt!<\/p>"}},"template--17850614808841__8a05123f-9d60-4fb1-92f2-3b9b77e78be5-167836688318c8eebe-2":{"type":"testimonial","settings":{"round_avatar":true,"show_rating":true,"rating":4,"author":"Karl A.","title":"","content":"<p>Sehr zufrieden mit diesem Kauf. Die Tasche liegt sehr gut in der Hand und man kann alles problemlos transportieren. Auch ihr Design ist sehr ansprechend<\/p>"}},"589b5f3a-95bd-4fa2-bb90-910f83f163e4":{"type":"testimonial","settings":{"round_avatar":true,"show_rating":true,"rating":4,"author":"Monika B.","title":"","content":"<p>Top!!! Sehr praktischer und superleichter Rucksack, den ich vor allem für Schüler zu 100% empfehlen kann.<\/p>"}},"24e3154e-0a73-48d8-81fe-9ca5d6970925":{"type":"testimonial","settings":{"round_avatar":true,"show_rating":true,"rating":4,"author":"Markus N.","title":"","content":"<p>Vielen Dank, ich habe schon lange nach einer Tasche gesucht, die alles kann, und ich bin wirklich begeistert! Es ist eine wahre Freude, sie auf meinen Reisen dabei zu haben<\/p>"}},"db80ee9c-8b6e-4e00-8a1b-edb98d51b101":{"type":"testimonial","settings":{"round_avatar":true,"show_rating":true,"rating":4,"author":"Silvia C.","title":"","content":"<p>Ich habe meinen Computer immer bei mir und mit dieser Tasche bin ich viel entspannter, kein Risiko, dass er kaputt geht, jetzt ist es großartig. Das Schloss ist auch sehr praktisch<\/p>"}}},"block_order":["template--17850614808841__8a05123f-9d60-4fb1-92f2-3b9b77e78be5-167836688318c8eebe-0","template--17850614808841__8a05123f-9d60-4fb1-92f2-3b9b77e78be5-167836688318c8eebe-1","template--17850614808841__8a05123f-9d60-4fb1-92f2-3b9b77e78be5-167836688318c8eebe-2","589b5f3a-95bd-4fa2-bb90-910f83f163e4","24e3154e-0a73-48d8-81fe-9ca5d6970925","db80ee9c-8b6e-4e00-8a1b-edb98d51b101"],"settings":{"full_width":true,"stack_testimonials":false,"subheading":"","title":"Einige Kundenmeinungen 4,8\/5","content":"","link_url":"","link_text":"","background":"#ffffff","background_gradient":"","text_color":"#292929","heading_color":"#191818","heading_gradient":"","testimonial_card_background":"#6e72f0","testimonial_card_text_color":"#ffffff"}},"f78cd676-55f2-4912-b2a7-13271e90a1d4":{"type":"accordion-content","blocks":{"template--19262980751686__f78cd676-55f2-4912-b2a7-13271e90a1d4-1689541351b1f6cbea-0":{"type":"item","settings":{"title":"Wird er von den Flughäfen auf meinen Reisen wirklich nur als Rucksack betrachtet?","content":"<p>Ja! Unser Rucksack ist so konzipiert, dass er den Standards der Fluggesellschaften als persönlicher Gegenstand entspricht. Die Sicherheitsbeamten an den Flughäfen werden ihn als einfachen Rucksack betrachten. Das ist unser kleines Geheimnis, und damit werden Sie sicherlich einige Neider auf sich ziehen!<\/p>"}},"template--19262980751686__f78cd676-55f2-4912-b2a7-13271e90a1d4-1689541351b1f6cbea-1":{"type":"item","settings":{"title":"Wie verwende und pflege ich mein FEELIX?","content":"<p>Nutzen Sie die erweiterbare Tasche für mehr Platz und verstauen Sie Ihre Wertsachen in der unauffälligen Rückentasche, um den Rucksack optimal zu nutzen. Achten Sie darauf, die Fächer für Computer und Tablet nicht zu überfüllen und verwenden Sie das komprimierende Netz, bevor Sie den Rucksack schließen. Für die Pflege genügt eine einfache Reinigung mit einem feuchten Tuch und Seife. Vermeiden Sie die Waschmaschine.<\/p>"}},"template--19262980751686__f78cd676-55f2-4912-b2a7-13271e90a1d4-1689541351b1f6cbea-2":{"type":"item","settings":{"title":"Lassen Sie uns über Stil sprechen. Passt er zu all meinen Outfits?","content":"<p>Absolut!!! Dank seines zeitlosen Designs und der Farbe Schwarz passt FEELIX zu jedem Outfit, ob lässig oder formell.<\/p>"}}},"block_order":["template--19262980751686__f78cd676-55f2-4912-b2a7-13271e90a1d4-1689541351b1f6cbea-0","template--19262980751686__f78cd676-55f2-4912-b2a7-13271e90a1d4-1689541351b1f6cbea-1","template--19262980751686__f78cd676-55f2-4912-b2a7-13271e90a1d4-1689541351b1f6cbea-2"],"settings":{"full_width":true,"subheading":"","title":"Häufig gestellte Fragen","content":"","button_text":"","button_url":"","text_position":"center","background":"#f5f5f5","background_gradient":"","text_color":"","heading_color":"","heading_gradient":"","button_background":"","button_text_color":"","accordion_background":"#ffffff","accordion_text_color":"#191818"}},"related-products":{"type":"related-products","disabled":true,"settings":{"recommendations_count":10,"products":[],"full_width":false,"stack_products":false,"show_progress_bar":true,"products_per_row_mobile":"2","products_per_row_desktop":5,"subheading":"","title":"You should like","content":"","background":"","background_gradient":"","text_color":"","heading_color":"","heading_gradient":"","product_card_background":"","product_card_text_color":""}},"alireviews-section-9a9ea23f-c680-4991-a273-ea199efba1d1":{"type":"apps","settings":{"full_width":true,"remove_vertical_spacing":false,"remove_horizontal_spacing":false,"background":"","background_gradient":"","text_color":"","enable_review_integration":true,"review_header_gradient":"linear-gradient(135deg, #FFC266 0%, #FFA31A 100%)","review_header_text_color":"#000000","review_button_background":"#000000","review_button_text_color":"#ffffff"}}},"order":["main","1c5f426a-27b7-47ca-b6f8-e3e8f9b4b114","8d000c07-b0ca-4f95-b0d3-595a52b2d203","95340b72-73ab-425d-9464-2d130b040aeb","385efe8e-bf2c-4bd7-bad5-db9dfa4a8b1f","bcc1e0a4-01de-4fc5-ac93-b5fb378c6d1e","74e9afc9-44c0-4d06-b3eb-cb4025fc4ab8","a9ee1872-e8aa-44e9-9d56-7836d13b8373","8a05123f-9d60-4fb1-92f2-3b9b77e78be5","f78cd676-55f2-4912-b2a7-13271e90a1d4","related-products","alireviews-section-9a9ea23f-c680-4991-a273-ea199efba1d1"]}